ID,Height,Weight,Head,Tail
BM_1,29,6,3,2
BM_2,28,10,2,2
BM_3,30,9,3,2
BM_4,28,11,3,1
BM_5,32,13,2,3
BM_6,27,5,3,1
BM_7,30,8,1,2
BM_8,26,4,3,2
BM_9,26,11,3,2
BM_10,30,7,3,3
BM_11,25,9,4,3
BM_12,29,10,2,2
BM_13,26,9,2,3
BM_14,28,8,2,3
BM_15,29,9,3,3
BM_16,31,8,2,2
BM_17,27,8,3,2
BM_18,26,11,3,3
BM_19,28,13,3,3
BM_20,32,11,2,1
BM_21,24,7,3,2
BM_22,27,8,3,2
BM_23,30,5,4,3
BM_24,24,4,2,3
BM_25,27,7,2,2
BM_26,29,9,2,3
BM_27,24,10,2,2
BM_28,23,8,3,2
BM_29,29,5,3,0
BM_30,27,4,3,2
BM_31,28,7,2,2
BM_32,26,9,2,2
BM_33,33,8,2,2
BM_34,26,7,1,3
BM_35,30,12,3,3
BM_36,30,7,3,2
BM_37,30,9,3,3
BM_38,23,6,2,2
BM_39,30,12,2,1
BM_40,30,7,3,2
BM_41,29,12,3,2
BM_42,29,14,3,2
BM_43,26,6,3,3
BM_44,30,9,2,1
BM_45,29,9,2,1
BM_46,31,7,3,3
BN_1,26,5,3,3
BN_2,31,4,3,3
BN_3,32,9,2,2
BN_4,27,5,2,2
BN_5,28,8,3,3
BN_6,29,12,2,3
ITCS_1,13,2,2,3
ITCS_2,11,3,3,1
ITCS_3,12,2,3,2
ITCS_4,13,2,1,1
ITCS_5,17,4,3,3
ITCS_6,12,3,3,2
ITCS_7,10,3,1,3
ITCS_8,11,1,2,3
ITCS_9,12,3,3,3
ITCS_10,18,3,3,2
ITCS_11,10,3,2,2
ITCS_12,11,2,2,3
ITCS_13,15,3,2,2
ITCS_14,10,2,3,3
ITCS_15,13,4,3,1
ITCS_16,15,2,2,3
ITCS_17,14,2,3,2
ITCS_18,15,2,3,2
ITCS_19,16,4,2,3
ITCS_20,10,3,2,3
ITCS_21,17,3,2,3
ITCS_22,19,4,1,5
ITCS_23,14,3,3,2
ITCS_24,8,5,2,3
ITCS_25,16,3,2,2
ITCS_26,16,3,2,4
ITCS_27,16,4,2,3
ITCS_28,12,2,3,2
ITCS_29,11,4,2,3
ITCS_30,14,3,2,2
ITCS_31,11,3,3,1
ITCS_32,11,2,3,3
ITCS_33,18,4,2,3
ITCS_34,17,2,2,3
ITCS_35,12,2,3,3
ITCS_36,10,3,2,3
ITCS_37,17,1,3,2
ITCS_38,16,4,3,2
ITCS_39,16,2,3,2
ITCS_40,18,4,3,2
ITCS_41,9,1,3,2
ITCS_42,12,4,2,3
ITCS_43,8,2,2,3
ITCS_44,8,4,2,2
ITCS_45,7,3,2,3
ITCS_46,18,1,3,3
SICO_1,11,4,2,2
SICO_2,12,4,3,2
SICO_3,13,4,3,2
SICO_4,12,2,2,3
SICO_5,12,2,3,2
SICO_6,11,4,2,3
SICO_7,14,4,2,1
SICO_8,9,4,3,2
SICO_9,18,4,2,2
SICO_10,9,2,2,3
SICO_11,12,2,3,2
SICO_12,10,2,2,2
SICO_13,12,4,4,2
SICO_14,13,4,1,2
SICO_15,19,0,2,3
SICO_16,12,5,3,2
SICO_17,13,3,3,2
SICO_18,16,2,4,3
SICO_19,11,4,3,3
SICO_20,18,4,2,3
SICO_21,15,4,2,1
SICO_22,15,2,3,2
SICO_23,15,3,3,3
SICO_24,17,4,3,1
SICO_25,16,2,2,3
SICO_26,11,4,2,3
SICO_27,12,3,2,3
SICO_28,16,4,2,1
SICO_29,8,3,3,3
SICO_30,18,2,2,2
SICO_31,10,3,2,2
SICO_32,12,4,3,4
SICO_33,7,4,2,3
SICO_34,15,5,2,3
SICO_35,14,4,1,2
SICO_36,9,3,3,3
SICO_37,19,5,3,2
SICO_38,13,4,3,2
SICO_39,10,2,2,2
SICO_40,7,3,3,2
SICO_41,17,4,2,3
SICO_42,16,3,3,2
SP_1,9,4,3,3
SP_2,8,2,2,3
SP_3,18,2,3,2
SP_4,11,2,2,2
SP_5,17,2,3,1
SP_6,13,4,2,3
SP_7,6,4,3,4
SP_8,9,4,4,3
SP_9,8,4,3,2
SP_10,10,4,3,3
SP_11,15,4,3,4
SP_12,12,2,3,3
CROA_1,25,7,3,2
CROA_2,29,9,2,4
CROA_3,30,10,2,3
CROA_4,32,9,3,2
FR_1,15,4,3,3
FR_2,8,3,2,3
FR_3,13,1,3,2
FR_4,11,2,3,4
FR_5,15,4,3,2
FR_6,13,2,2,2
FR_7,14,2,3,2
FR_8,16,3,2,3
FR_9,14,3,3,3
FR_10,15,4,3,2
FR_11,15,4,3,3
FR_12,16,1,3,2
FR_13,13,4,2,3
FR_14,11,3,3,1
FR_15,12,2,2,2
FR_16,12,4,3,2
FR_17,14,1,2,2
FR_18,14,3,3,2
FR_19,10,2,3,3
FR_20,8,4,3,2
FR_21,12,2,2,3
FR_22,17,2,3,2
FR_23,15,3,2,2
FR_24,16,3,3,1
FR_25,10,2,2,5
FR_26,10,2,2,3
FR_27,16,3,3,3
FR_28,19,3,3,3
FR_29,14,0,2,2
FR_30,13,4,3,2
FR_31,14,2,3,4
FR_32,8,4,2,2
FR_33,12,3,2,2
FR_34,11,4,2,2
FR_35,16,2,2,5
FR_36,10,1,2,3
FR_37,16,4,2,2
FR_38,14,3,2,2
FR_39,9,5,2,3
FR_40,12,3,3,2
FR_41,12,4,2,3
FR_42,14,3,2,3
FR_43,18,2,2,3
FR_44,9,4,2,2
FR_45,12,2,3,2
FR_46,20,2,2,1
FR_47,12,2,3,1
FR_48,9,2,2,2
FR_49,15,3,3,2
FR_50,12,4,2,2
FR_51,16,4,3,2
FR_52,10,1,2,2
FR_53,10,3,3,2
FR_54,11,3,3,3
FR_55,16,0,3,2
FR_56,11,3,3,3
FR_57,13,3,2,2
FR_58,8,2,3,2
FR_59,12,2,2,3
FR_60,12,3,2,2
FR_61,15,4,2,2
FR_62,8,3,3,2
FR_63,13,3,3,2
FR_64,15,3,2,1
FR_65,15,3,2,3
FR_66,16,3,2,2
FR_67,7,3,2,4
FR_68,8,2,2,2
FR_69,18,2,2,3
FR_70,10,3,2,2
FR_71,14,3,2,3
FR_72,15,4,3,1
FR_73,18,3,2,1
FR_74,11,5,2,3
FR_75,10,1,3,2
FR_76,10,4,3,3
FR_77,12,4,3,2
FR_78,11,3,3,2
FR_79,12,3,4,2
FR_80,16,3,2,2
FR_81,12,3,2,3
FR_82,10,3,2,3
FR_83,9,4,3,1
FR_84,18,2,3,2
FR_85,13,4,2,3
FR_86,15,4,3,3
FR_87,8,4,3,1
GR_1,29,10,3,4
GR_2,23,2,3,3
GR_3,28,8,3,3
GR_4,29,10,2,2
GR_5,31,9,2,1
GR_6,24,7,4,3
GR_7,28,10,2,3
GR_8,29,10,3,3
GR_9,29,11,3,3
GR_10,29,9,2,2
GR_11,27,9,3,3
GR_12,29,9,2,3
GR_13,33,3,3,2
GR_14,29,5,2,2
GR_15,26,13,3,4
GR_16,24,8,2,3
GR_17,28,7,2,2
GR_18,30,9,3,2
GR_19,25,7,3,3
GR_20,24,7,3,2
GR_21,33,7,3,3
GR_22,22,5,2,2
GR_23,23,8,3,1
GR_24,24,10,2,3
GR_25,23,8,2,3
GR_26,32,7,3,3
GR_27,26,6,3,2
GR_28,26,10,3,1
GR_29,31,7,3,4
GR_30,30,8,3,4
GR_31,33,8,3,3
GR_32,26,8,3,3
GR_33,27,11,3,2
GR_34,28,3,3,2
GR_35,25,6,2,3
GR_36,27,8,2,3
GR_37,24,8,2,2
GR_38,30,9,2,2
GR_39,30,10,2,4
GR_40,25,11,2,2
GR_41,27,7,2,3
GR_42,28,7,3,3
GR_43,27,8,2,4
GR_44,28,5,3,2
GR_45,26,9,2,3
GR_46,32,9,2,2
GR_47,27,8,2,3
GR_48,30,5,2,3
GR_49,29,11,3,2
GR_50,25,7,2,3
GR_51,26,8,3,2
GR_52,29,8,2,3
GR_53,30,9,2,3
GR_54,24,9,3,2
GR_55,30,4,2,2
GR_56,23,2,2,3
GR_57,28,8,2,1
GR_58,29,10,2,2
GR_59,27,8,3,3
GR_60,24,10,3,2
GR_61,31,9,3,3
GR_62,32,10,2,2
GR_63,27,9,3,2
GR_64,26,9,2,4
GR_65,32,8,3,2
GR_66,25,10,3,2
GR_67,26,10,3,3
GR_68,27,8,4,2
GR_69,31,10,2,3
GR_70,31,10,3,3
GR_71,26,7,2,3
GR_72,26,8,3,2
GR_73,29,8,2,3
GR_74,21,9,3,3
GR_75,27,7,2,2
GR_76,25,4,2,1
GR_77,25,10,3,2
MAC_1,34,11,2,2
MAC_2,26,6,2,3
MAC_3,25,10,3,2
MAC_4,26,9,2,2
MAC_5,31,8,3,3
MAC_6,31,10,3,3
MAC_7,32,6,2,2
MAC_8,28,10,3,2
MAC_9,29,9,2,2
MAC_10,26,9,3,3
