,,,,,,,,,,,,,,,,,,,,,,,,,,,,,,,,,,,,,,,,,,,,,,,,,,,,,,,,,,,,,,,,,,,,,,,,,,,,,,,,,,,,,,,,,,,,,,,,,,,,1,,,,,1,,,,,1,,,,1,,,,,
,,,,,,,,,,1,,,,,1,,,,,2,,,,,2,,,,,3,,,,,3,,,,,4,,,,,4,,,,,5,,,,,5,,,,,6,,,,,6,,,,,7,,,,,7,,,,,8,,,,,8,,,,,9,,,,,9,,,,,0,,,,,0,,,,,1,,,,1,,,,,
,,,,,5,,,,,0,,,,,5,,,,,0,,,,,5,,,,,0,,,,,5,,,,,0,,,,,5,,,,,0,,,,,5,,,,,0,,,,,5,,,,,0,,,,,5,,,,,0,,,,,5,,,,,0,,,,,5,,,,,0,,,,,5,,,,,0,,,,4,,,,,
P. sylvia,2,0,0,0,2,-,-,0,1,?,0,?,-,0,0,2,-,?,?,0,-,-,0,?,-,?,0,-,4,0,3,0,3,0,0,3,0,0,-,0,-,-,-,-,-,-,-,?,-,?,?,?,?,?,0,-,0,0,?,-,4,0,?,-,-,0,0,0,?,?,?,?,-,0,?,1,0,0,-,4,-,?,0,-,?,-,0,0,-,0,3,?,-,0,1,0,-,0,1,?,0,?,-,-,1,0,4,0,0,0,4,0,?,0,,,,,
B. austenia,0,1,0,0,0,-,-,0,0,?,0,?,-,0,1,?,-,?,?,1,-,-,?,?,-,?,0,-,0,?,3,0,0,0,0,0,0,0,-,0,-,-,-,-,-,-,-,?,-,?,?,?,?,0,0,-,0,1,0,-,4,0,0,-,-,0,1,0,?,?,?,?,-,0,?,1,1,0,-,4,-,?,0,-,1,-,0,0,-,0,3,?,-,1,0,?,-,?,1,?,1,0,-,-,0,0,4,0,0,0,D,0,?,0,,,,,
P. lucretia,0,0,1,0,3,-,-,0,0,?,0,?,-,0,1,?,-,?,?,0,-,-,?,?,-,?,0,-,0,?,3,0,?,?,0,?,1,?,-,0,-,-,-,-,-,-,-,?,-,?,?,?,?,?,1,-,1,0,0,-,8,0,0,-,-,1,1,1,1,1,0,0,-,0,?,2,0,1,-,5,-,?,1,-,?,-,0,1,-,1,0,0,-,0,1,0,-,0,1,?,0,0,-,-,1,0,B,0,0,0,4,0,?,4,,,,,
N. hylas,0,0,0,0,0,-,-,?,0,?,0,?,-,1,1,?,-,?,0,0,-,-,?,0,-,?,0,-,0,?,3,1,?,?,0,?,0,4,-,0,-,-,-,-,-,-,-,0,-,0,0,0,0,0,0,-,0,0,1,-,7,0,?,-,-,0,4,0,?,?,?,?,-,0,?,1,1,1,-,0,-,0,0,-,1,-,0,0,-,1,0,0,-,0,0,?,-,?,1,?,1,1,-,-,0,0,1,0,0,0,3,0,?,0,,,,,
B. lorquini,0,0,1,1,0,-,-,?,0,?,0,?,-,0,1,?,-,0,0,0,-,-,0,0,-,?,0,-,0,0.1,3,?,0,0,0,0,0,4,-,0,-,-,-,-,-,-,-,?,-,?,?,0,0,0,0,-,0,0,0,-,4,0,0,-,-,1,1,1,1,1,0,0,-,0,?,2,0,0,-,1,-,?,0,-,1,-,0,0,-,0,0,0,-,1,1,0,-,0,0,0,1,0,-,-,0,2,7,1,?,0,A,1,4,0,,,,,
B. weidermeyeri,0,0,1,1,0,-,-,?,0,?,0,?,-,0,1,?,-,?,0,0,-,-,0,0,-,?,0,-,3,?,3,?,0,3,0,0,0,0,-,0,-,-,-,-,-,-,-,?,-,?,?,0,0,0,0,-,0,0,0,-,4,0,0,-,-,1,1,1,1,1,0,0,-,0,?,2,0,0,-,1,-,?,0,-,1,-,0,0,-,0,0,0,-,1,1,0,-,0,0,0,1,0,-,-,0,2,7,1,?,0,A,1,4,0,,,,,
B. archippus,0,1,1,1,0,-,-,?,0,?,0,?,-,0,0,?,-,0,0,?,-,-,1,1,-,2,0,-,3,0,3,1,?,?,0,?,1,?,-,0,-,-,-,-,-,-,-,0,-,?,1,5,0,0,0,-,0,0,0,-,4,0,0,-,-,1,2,1,1,1,0,0,-,0,?,?,0,?,-,?,-,?,?,-,?,-,0,0,-,0,0,0,-,1,1,0,-,0,0,0,1,0,-,-,0,2,7,1,?,0,A,1,4,0,,,,,
B. arthemis,0,1,1,1,0,-,-,?,0,?,0,?,-,0,1,?,-,?,0,0,-,-,0,0,-,?,0,-,2,0,3,0,0,3,0,0,?,?,-,0,-,-,-,-,-,-,-,?,-,?,?,0,0,0,0,-,0,0,0,-,4,0,?,-,-,?,5,?,?,?,?,?,-,?,?,2,0,0,-,1,-,?,0,-,1,-,0,0,-,0,0,0,-,1,1,0,-,1,0,0,1,0,-,-,0,2,7,1,?,0,A,1,4,0,,,,,
L. camilla,1,0,1,0,0,-,-,0,0,?,0,?,-,0,0,0,-,0,0,0,-,-,0.1,0,-,?,0,-,0,?,0.3,0,0,4,0,0,0,4,-,0,-,-,-,-,-,-,-,0,-,?,?,0,0,?,0,-,0,0,0,-,5,0,0,-,-,0,0,0,?,?,?,?,-,0,?,1,0,0,-,0,-,0,0,-,1,-,0,0,-,0,0,0,-,1,1,0,-,1,0,0,1,0,-,-,1,0,B,0,1,0,C,1,4,5,,,,,
L. reducta,1,1,1,0,0,-,-,?,1,0,0,?,-,0,1,?,-,?,0,0,-,-,0,0,-,?,0,-,0,?,3,1,0,0,0,0,0,4,-,0,-,-,-,-,-,-,-,?,-,?,?,0,0,0,0,-,?,0,0,-,4,0,0,-,-,0,1,0,?,?,?,?,-,0,?,1,0,0,-,2,-,?,0,-,?,-,?,0,-,0,0,0,-,1,0,?,-,?,0,0,0,0,-,-,1,0,B,0,1,0,2,1,4,5,,,,,
L. populi,2,0,1,0,0,-,-,?,1,0,0,?,-,0,1,?,-,0,0,0,-,-,0,0,-,?,0,-,0,0,0,0,0,0,0,0,0,4,-,0,-,-,-,-,-,-,-,0,-,?,0,0,0,0,0,-,0,0,0,-,5,0,0,-,-,0,0,0,?,?,?,?,-,0,?,1,0,0,-,0,-,0,0,-,1,-,0,0,-,0,0,0,-,1,1,0,-,0,0,0,1,0,-,-,0,3,A,1,?,0,A,1,4,0,,,,,
A. ranga,1,1,1,0,3,-,-,0,1,0,0,?,-,0,1,?,-,0,0,0,-,-,?,?,-,?,0,-,1,?,3,0,0,0,0,1,0,4,-,0,-,-,-,-,-,-,-,?,-,?,?,?,?,?,0,-,0,0,0,-,6,0,0,-,-,0,0,0,?,?,?,?,-,0,?,1,1,1,-,2,-,?,1,-,?,-,2,0,-,0,0,0,-,1,0,?,-,?,0,0,1,0,-,-,0,?,0,0,0,0,3,1,3,2,,,,,
A. asura,1,1,1,0,1,-,-,?,0,?,0,?,-,1,1,?,-,?,0,0,-,-,?,?,-,?,0,-,1,?,3,0,2,2,0,4,0,4,-,0,-,-,-,-,-,-,-,?,-,?,?,?,?,?,0,-,0,0,0,-,6,0,0,-,-,0,1,0,?,?,?,?,-,0,?,1,1,1,-,2,-,?,0,-,?,-,2,0,-,0,0,0,-,1,1,1,-,0,0,0,1,0,-,-,0,3,4,0,0,0,B,1,2,3,,,,,
A. selenophora,2,1,0,0,1,-,-,?,0,?,1,0.1,-,1,1,?,-,?,?,0,-,-,?,?,-,?,0,-,1,?,3,0,2,2,0,0,0,4,-,0,-,-,-,-,-,-,-,?,-,?,?,?,0,?,0,-,0,0,0,-,6,0,0,-,-,0,1,0,?,?,?,?,-,0,?,1,1,1,-,2,-,?,1,-,?,-,2,0,-,0,0,0,-,1,0,?,-,?,0,0,1,0,-,-,0,?,0,0,0,0,3,1,3,2,,,,,
M. lymire,2,0,0,0,0,-,-,0,1,0,0,?,-,0,0,0,-,0,0,0,-,-,0,0,-,?,0,-,0,1,4,0,0,0,0,0,0,4,-,0,-,-,-,-,-,-,-,0,-,0,0,0,0,0,0,-,0,0,0,-,4,0,?,-,-,0,0,0,?,?,?,?,-,0,?,1,1,0,-,0,-,0,0,-,1,-,0,0,-,0,0,0,-,1,1,0,-,0,0,0,1,?,-,-,0,3,?,?,?,?,?,?,?,?,,,,,
M. procris,2,1,0,0,0,-,-,0,0,?,1,0,-,0,0,0,-,0,0,2,-,-,?,0,-,?,0,-,0,0,0,0,0,1,0,0,0,0,-,0,-,-,-,-,-,-,-,?,-,?,?,?,0,0,0,-,0,0,0,-,4,0,0,-,-,0,0,0,?,?,?,?,-,0,?,1,1,0,-,0,-,0,0,-,1,-,0,0,-,0,2,0,-,1,1,0,-,0,1,?,1,0,-,-,0,3,4,0,0,0,B,1,0,2,,,,,
S. daraxa,2,0,0,0,0,0,0,0,0,?,1,1,0,0,0,0,0,0,0,1,0,6,0,0,0,?,0,0,0,1,0,0,0,0,0,0,0,4,2,0,0,0,1,0,1,0,0,0,0,0,?,0,0,0,0,0,?,1,0,0,4,0,0,0,1,0,0,0,?,?,?,?,?,0,?,1,1,0,0,2,0,?,0,0,1,?,0,0,0,0,0,0,0,1,0,?,?,?,0,0,1,1,?,?,0,3,?,?,?,?,?,?,?,?,,,,,
S. zulema,1,1,0,0,0,0,0,0,0,?,1,0,0,0,0,0,0,0,0,1,0,0,0,0,0,?,0,0,0,0,0,0,0,0,0,0,0,0,2,0,0,0,0,0,0,0,0,0,0,0,0,0,0,0,0,0,0,0,0,0,4,0,0,0,1,0,0,0,?,?,?,?,?,0,?,1,1,0,1,0,0,0,0,0,1,0,0,0,0,0,0,0,0,1,0,?,?,?,0,0,1,0,0,0,?,1,?,?,?,?,?,?,?,?,,,,,
P. zayla,2,0,0,0,0,0,0,0,0,?,1,0,0,0,0,0,0,0,0,1,1,0,?,0,0,?,0,0,0,0,0,0,0,0,0,0,0,0,0,0,0,1,0,0,0,0,0,0,0,0,0,0,0,0,0,0,0,0,0,0,4,0,0,0,1,0,0,0,?,?,?,?,?,0,?,1,1,0,0,0,0,0,0,0,1,0,0,0,0,0,0,0,0,1,0,?,?,?,0,0,1,0,0,0,?,1,?,?,?,?,?,?,?,?,,,,,
P. dudu,2,1,0,0,0,0,1,?,0,?,1,0,0,0,1,?,0,0,0,1,0,0,0,0,0,?,0,0,0,1,0,0.1,0,0,0,0,1,?,5,0,0,0,0,0,0,0,0,0,0,0,0,0,0,0,0,0,?,1,?,0,4,0,0,0,1,0,1,0,?,?,?,?,?,0,?,1,1,0,0,0,0,0,0,0,1,0,0,0,0,0,0,0,0,1,1,2,?,0,0,0,1,0,1,0,0,3,3,0,2,0,A,1,2,A,,,,,
bredowii,0,0,1,1,0,0,0,1,1,0,1,0,0,0,0,1,0,0,?,0,0,5,1,1,0,2,0,0,0,1,1.2,1,1,0,0,0,0,0,1,0,0.1,0,1,1,1,0,?,0,0,?,?,5,1,0,0,0,0,0,0,0,1,0,0,0.2,1.2,1,1,0.1,0,0,0,?,1,1,0,0,1,0,1,0,0,0,0,0,1,0,0,0,0,1,1,0,1,1,1,0,?,1,1,?,1,0,0,1,1,0,8,0,0,0,7,1,3,6,,,,,
diocles,0,0,1,1,-,1,0,1,0.1,1,1,0,0,-,0,1,0,0,0,0,0,6.7,-,1,0,2,0,0,-,-,1,1,0,0,0,0,1,?,1,0,0,0,1,0,0,0,0,0,0,?,1,5,1,0,0,0,0,0,0,0,1,0,0,1,2,1,1,1,0,0,0,?,1,0,1,1,-,-,1,1,?,?,-,0,1,?,0,0,0,1,1,0,1,-,1,0,?,1,1,?,1,0,2,1,-,-,?,?,?,?,?,-,?,?,,,,,
herbita,?,?,1,?,-,?,?,?,?,?,?,?,0,-,0,?,0,2,0,0,?,7,-,1,0,2,0,0,-,-,1,1,0,1,0,0,0,2,1,1,0,0,0,0,0,0,0,0,0,1,1,5,1,0,0,0,1,0,0,0,0,0,0,1,2,?,1,1,0,0,0,?,1,0,?,1,-,-,1,1,?,?,-,0,1,?,0,0,0,?,?,?,?,-,?,?,?,?,?,?,1,?,?,?,-,-,?,?,?,?,?,-,?,?, ,,,,
zea,1,1,1,1,-,0,0,0,0,?,1,0,0,-,1,?,0,0,?,0,?,7,-,1,0,?,0,0,-,-,1,1,1,1,0,0,0,2,1,0,?,?,0,0,0,0,1,1,1,0,1,5,1,1,0,0,0,0,1,0,1,0,0,1,2,1,1,1,1,1,0,0,0,1,1,1,-,-,1,1,?,?,-,0,1,?,0,0,0,1,1,1,0,-,1,0,?,1,0,1,1,0,2,1,-,-,?,?,?,?,?,-,?,?,,,,,
paroeca,1,1,1,1,-,0,0,1,0,?,1,0,0,-,0,1,0,0,0,1,?,7,-,1,0,?,0,0,-,-,1,1,1,1,0,0,0,2,1,1,1,0,0,0,0,0,0,0,0,1,1,5,1,1,0,0,0,0,1,0.1,1,0,1,1,2,1,1,1,0,0,1,?,0,1,0,1,-,-,1,1,?,?,-,0,1,?,0,0,0,1,1,1,0,-,1,0,?,1,1,?,1,0,0,0,-,-,?,?,?,?,?,-,?,?,,,,,
nea,1,1,1,1,-,0,0,0,0,?,0,?,0,-,1,?,0,1,?,1,?,7,-,1,0,?,0,0,-,-,1,1,1,1,0,0,0,2,1,1,?,?,0,1,?,0,1,?,1,?,?,5,1,1,0,0,0,0,1,0.1,1,0,1,1,2,1,1,1,0,0,1,?,0,1,0,1,-,-,1,1,?,?,-,1,1,?,0,0,0,1,1,1,0,-,1,0,?,1,1,?,1,0,0,0,-,-,?,?,?,?,?,-,?,?,,,,,
paraena,1,1,1,1,0,0,0,1,1,1,1,0,0,0,0,1,?,0,0,0,0,2.7,1,1,0,?,0,0,0,1,1,1,1,1,0,0,0,2,1,1,0,0,1,0.1,0.1,0,?,?,0,?,?,5,1,1,0,0,0,0,1,0.1,1,0,1,1,2,1,1,1,0,0,1,?,0,1,0,1,1,0,1,1,?,?,0,1,1,?,0,0,0,1,1,1,0,1,1,0,?,1,1,?,1,0,0,0,1,0,3,0,0,1,3,1,3,6,,,,,
radiata,1,1,1,1,0,0,0,1,1,1,1,0,0,0,0,1,?,0,0,0,?,7,1,1,0,?,0,0,0,1,1,1,1,1,0,0,0,2,1,1,0,0,0.1,0.1,0.1,0,0,0.1,0,1,1,5,1,1,0,0,1,0,1,0.1,1,0,1,1,2,1,1,1,0,0,1,?,0,1,0,1,1,0,1,1,?,?,0,1,1,?,0,0,0,1,1,1,0,1,1,0,?,1,1,?,1,0,0,0,1,0,3,0,0,1,3,1,3,6,,,,,
serpa,1,1,1,1,0,0,0,1,1,1,1,0,0,0,0,1,0,0,0,0,?,7,1,1,0,?,0,0,0,1,1,1,1,1,0,0,0,2,1,1,0,0,1,0,0.1,0,?,0,0,?,1,5,1,1,0,0,1,0,1,0.1,1,0,1,1,2,1,1,1,0,0,1,?,0,1,0,1,1,0,1,1,?,?,0,1,1,?,0,0,0,1,1,1,0,1,1,0,?,1,1,?,1,0,0,0,1,0,3,0,0,1,3,1,3,6,,,,,
seriphia,1,1,1,1,-,0,0,1,0,?,1,0,0,-,0,1,0,0,0,0,?,7,-,1,0,?,0,0,-,-,1,1,1,1,0,0,0,2,1,1,0,0,1,0,1,0,?,?,0,?,?,5,1,1,?,0,1,0,1,0.1,1,0,1,1,2,1,1,1,0,0,1,?,0,1,0,1,-,-,1,1,?,?,-,0.1,1,?,0,0,0,1,1,1,0,-,1,0,?,1,1,?,1,0,0,0,-,-,?,?,?,?,?,-,?,?,,,,,
hyas,1,1,1,1,-,0,0.1,1,0,?,1,0,0,-,0,1,0,0,0,0,?,7,-,1,0,?,0,0,-,-,1,1,1,1,0,0,0,2,1,1,0,0,?,0.1,?,0,?,?,0,?,?,5,1,1,1,0,1,0,1,0.1,1,0,1,1,2,1,1,1,0,0,1,?,0,1,0,1,-,-,1,1,?,?,-,1,1,?,0,0,0,1,1,1,0,-,1,0,?,1,1,?,1,0,0,0,-,-,?,?,?,?,?,-,?,?,,,,,
alala,0,0,0,0,0,0,0,0,0,?,0,?,0,0,0,0,0,0,0,0,0,5,0.1,1,0,2,0,0,0,0.1,0,0,0,0,0,0,0,0,0,0,1,0,0,0,0,0,0,0,0,0,0,0.5,0,0,0,0,0,0,0,0,0,1,0,0,0,0,1,1,0,1,2,1,0,1,1,0,1,0,0,0,0,?,0,0,0,0,0,0,0,0,0,0,0,1,1,0,?,0,0,0,1,0,1,0,1,0,8,1,?,0,0,1,5,7,,,,,
aricia,0,0,0,0,-,0,0,0,0,?,0,?,0,-,1,?,0,0,0,0,0,1,-,1,0,2,0,0,-,-,0,0,0,0,0,0,0,0,0,0,0,0,0,0,0,0,0,0,0,0,0,0,0,0,0,0,0,0,0,0,0,1,0,0,0,0,1,1,0,1,2,1,?,1,1,1,-,-,0,0,0,1,-,0,0,0,0,0,0,0,0,0,0,-,1,0,?,0,0,0,1,?,?,?,-,-,?,?,?,?,?,-,?,?,,,,,
corcyra,0,0,0,0,-,0,0,0,0,?,0,?,0,-,1,?,0,0,0,0,0,1,-,1,0,2,0,0,-,-,0,0,0,0,0,0,0,0,0,0,0,0,0,0,0,0,0,0,0,0,0,0,0,0,0,0,0,0,0,0,0,1,0,0,0,0,1,1,0,1,2,1,?,0.1,?,0.1,-,-,0,0,0,1,-,0,0,0,0,0,0,0,0,0,0,-,1,0,?,0,0,2,1,0,1,0,-,-,?,?,?,?,?,-,?,?,,,,,
tracta,0,0,0,0,0,0,0,0,0,?,0,?,0,0,1,?,0,1,0,1,0,1,1,1,0,2,0,0,0,1,0,0,0,0,0,0,0,0,0,0,0,0,0,0,0,0,1,1,0,0,0,0,0,0,0,0,0,0,0,0,0,1,0,0,0,0,1,1,0,1,2,1,0,1,1,0,1,0,0,0,0,?,0,0,1,?,0,0,0,0,0,0,0,1,1,0,?,0,0,2,1,0,1,0,1,0,?,1,?,0,?,?,5,7,,,,,
pithys,0,0,0,0,-,0,0,0,0,?,0,?,0,-,1,?,0,0,0,1,?,7,-,1,0,2,0,0,-,-,0,0,0,0,0,0,0,0,0,0,0,0,0,0,0,0,0,0,0,0,0,0,0,0,0,0,0,0,0,0,0,1,0,0,0,0,1,1,0,1,2,1,0,1,1,0,-,-,0,0,0,?,-,0,1,?,0,0,0,0,0,0,0,-,1,0,?,0,0,2,1,0,1,0,-,-,?,?,?,?,?,-,?,?,,,,,
donysa,0,0,0,0,0,0,0,0,0,?,0,?,0,0,1,?,0,0,0,1,0,1,1,1,0,2,0,0,0,1,0,0,0,0,0,0,0,0,0,0,0,0,0,0,0,0,0,0,0,0,0,0,0,0,0,0,0,0,0,0,0,1,0,0,0,0,1,1,0,1,2,1,0,1,1,0,1,0,0,0,0.1,?,0,0,0.1,?,0,0,0,0,0,0,0,1,1,0,?,0,0,2,1,0,0.1,0,1,0,9,1,?,0,9,?,5,7,,,,,
fessonia,1,1,0,1,0,0,0,0,0,?,1,0,0,0,0,0,0,?,0,1,0,0,1,1,0,2,0,0,0,1,0,0,0,0,0,0,0,0,2,0,0,0,0,0,0,0,0,0,0,0,0,0,1,1,0,0,0,0,1,0.1,0.1,1,0,0,1,1,1,1,0,1,0,0,0,1,1,0,1,0,0,0,0,1,0,0.1,0,0,0,0,0,0,0,0,0,1,0,?,?,?,0,0,1,0,1,0,1,0,3,0,1,0,6,1,6,8,,,,,
gelania,0,0,0,1,0,0,0,0,1,0,1,0,0,0,0,0,0,?,0,0,?,7,?,?,0,2,0,0,0,1,0,0,0,0,0,0,0,0,2,0,1,?,?,?,?,0,?,?,0,?,?,?,?,?,0,0,0,0,0,0,1,1,0,0,1,1,1,1,0,1,0,0,0,1,1,1,1,0,0,2,?,0,0,0,1,?,0,0,0,0,0,0,0,1,0,?,?,?,0,0,1,1,?,?,1,0,?,?,?,?,?,?,?,?,,,,,
calliphane,1,1,0,1,-,0,0,0,0,?,0,?,0,-,1,?,0,0,0,1,?,7,-,1,0,?,0,0,-,-,2,0,0,0,0,0,1,?,2,0,0,0,0,0,0,0,0,0,0,0,0,0,1,1,0,0,0,0,0,0,0,1,0,0,2,1,1,1,1,1,0,0,0,?,?,0,-,-,0,0,0,0,-,1,1,0,0,0,0,0,0,0,0,-,1,0,?,0,0,0,1,0,1,0,-,-,?,?,?,?,?,-,?,?,,,,,
mythra,1,1,0,1,0,0,1,?,0,?,0,?,0,0,1,?,0,0,0,1,?,7,1,1,0,?,0,0,0,1,0,0,0,0,0,0,1,?,3,0,0,0,0,0,0,0,0,0,0,1,1,5,1,1,0,0,0,0,0,0,3,1,0,5,2,1,1,1,1,1,0,0,0,1,1,0,1,0,0,0,0,0,0,1,1,0,0,0,1,0,0,0,0,1,1,0,?,0,0,0,1,0,1,0,1,0,3,0,0,0,2,1,8,2,,,,,
poltius,1,1,0,1,-,0,0,0,0,?,0,?,0,-,1,?,0,0,0,1,?,7,-,1,0,?,0,0,0,1,2,0,0,0,0,0,1,?,2,0,0,0,0,0,0,0,0,0,0,1,1,0,1,1,0,0,0,0,0,0,0,1,0,0,2,1,1,1,1,1,0,0,0,1,1,1,-,-,0,0,0,0,-,1,1,0,0,0,1,0,0,0,0,-,1,0,?,0,0,0,1,0,1,0,-,-,?,?,?,?,?,-,?,?,,,,,
basiloides,1,1,0,1,0,0,0,0,0,?,0,?,0,0,0,0,0,?,0,1,0,4,1,1,0,?,0,0,0,1,?,0,0,0,0,0,1,?,2,0,0,0,0,0,0,0,0,0,0,1,1,5,1,1,0,0,0,0,1,0,0,1,0,0,2,1,1,1,1,1,0,0,0,1,1,0,1,0,0,0,0,1,0,1,0,0,0,0,0,0,0,0,0,1,1,0,?,0,0,0,0,0,1,0,1,0,3,0,0,0,0,1,5,3,,,,,
plesaure,1,1,0,1,0,0,0,0,0,?,1,1,0.1,0,0,0,0,1,1,1,1,4,1,1,0,?,0,0,0,1,2,0,0,0,0,0,1,?,2,0,0,0,0,0,0,0,1,1,0,0,0,0,1,1,0,0,0,0,0,0,0,1,0,0,2,1,1,1,1,1,0,0,0,1,1,0.1,1,0,0,0,0,1,0,1,0,0,0,0,0,0,0,0,0,1,1,0,?,0,0,0,0,0,1,0,1,0,3,0,0,0,0,1,5,3,,,,,
gavina,1,1,0,1,-,0,0,0,0,?,0,?,0,-,1,?,0,0,0,1,?,7,-,1,0,?,0,0,-,-,0,0,0,0,0,0,1,?,2,0,0,0,0,0,0,0,0,0,0,0,0,0,1,1,0,0,0,0,0,0,0,1,0,0,1,1,1,1,1,1,0,0,0,1,1,1,-,-,0,0,0,1,-,1,0,0,0,0,1,0,0,0,0,-,1,0,?,0,0,0,1,0,1,0,-,-,?,?,?,?,?,-,?,?,,,,,
falcipennis,1,1,0,1,-,0,0,0,0,?,0,?,0,-,1,?,0,0,0,1,?,7,-,1,0,?,0,0,-,-,2,0,0,0,0,0,1,?,2,0,0.1,0,0,0,0,0,0,0,0,0,0,0,1,1,0,0,0,0,0,0,0,1,0,0,2,1,1,1,1,1,0,0,0,1,1,0,-,-,0,0,0,0,-,1,1,0,0,0,1,0,0,0,0,-,1,0,?,0,0,0,1,0,1,0,-,-,?,?,?,?,?,-,?,?,,,,,
thoasa,1,1,0,1,-,0,0,0,0,?,1,1,0,-,0,0,0,0,?,1,0,?,-,1,0,?,0,0,-,-,?,0,0,0,0,1,1,?,2,0,1,0,0,0,0,0,0,0,0,?,0,0,1,1,0,0,0,0,0,0,0,1,0,5,2,1,1,1,1,1,0,0,0,1,1,0,-,-,0,0,0,0.1,-,1,0.1,1,0,0,0,0,0,0,0,-,1,1,0,0,0,0,1,0,1,0,-,-,?,?,?,?,?,-,?,?,,,,,
thessalia,1,1,0,1,-,0,0,0,0,?,1,1,0,-,0,0,0,0,0,1,?,7,-,1,0,?,0,0,-,-,?,0,0,0,0,0,1,?,2,0,1,0,0,0,0,0,0,0,0,0,0,0,1,1,0,0,0,0,0.1,0,0,1,0,0,2,1,1,1,1,1,0,0,0,1,1,0,-,-,0,0,0,1,-,1,0.1,1,0,0,0,0,0,0,0,-,1,1,1,0,0,0,1,0,1,0,-,-,?,?,?,?,?,-,?,?,,,,,
iphiclus,1,1,0,1,0,0,0,0,0,?,1,1,0,0,0,0,0,?,0,1,?,7,1,1,0,?,0,0,0,1,0,0,0,0,0,0,1,?,2,0,1,0,0,0,0,0,0,0,0,0,0,2,1,1,0,0,0,0,0.1,0,0,1,0,0,2,1,1,1,1,1,0,0,0,1,1,0,1,0,0,0,0,1,0,1,1,1,0,0,0,0,0,0,0,1,1,1,1,0,0,0,1,0,1,0,1,0,3,0,0,0,0.3,1,3,9,,,,,
iphicleola,1,1,0,1,-,0,0,0,0,?,1,1,0,-,0,0,0,?,0,1,?,7,-,1,0,?,0,0,-,-,0,0,0,0,0,0,1,?,2,0,1,0,0,0,0,0,0,0,0,0,0,2,1,1,0,0,0,0,0.1,0,0,1,0,0,2,1,1,1,1,1,0,0,0,1,1,0,-,-,0,0,0,1,-,0.1,1,1,0,0,0,0,0,0,0,-,1,1,1,0,0,0,1,0,1,0,-,-,?,?,?,?,?,-,?,?,,,,,
abyla,1,1,0,1,-,0,0,0,0,?,1,1,0,-,0,0,0,?,0,1,?,7,-,1,0,?,0,0,-,-,0,0,0,0,0,0,1,?,2,0,1,0,0,0,0,0,0,0,0,0,0,2,1,1,0,0,0,0,0,0,0,1,0,0,2,1,1,1,1,1,0,0,0,1,1,0,-,-,0,0,0,1,-,0,1,1,0,0,0,0,0,0,0,-,1,1,1,0,0,0,1,0,1,0,-,-,?,?,?,?,?,-,?,?,,,,,
melona,1,1,0,1,0,0,0,0,0,?,1,1,0,0,0,0,0,1,1,1,1,0,1,1,0,?,0,0,0,1,?,0,0,0,0,1,1,?,2,0,?,0,0,0,0,0.1,0,1,0,1,1,5,?,0,0,0,0,?,1,1,3,1,0,4,2,1,1,1,1,1,0,0,0,1,1,1,1,0,1,0,0,1,0,1,0,0,0,0,0,0,0,0,0,1,1,1,0,0,0,0,1,0,1,0,1,0,?,0,0,0,8,1,7,2,,,,,
ethelda,1,1,0,1,-,0,0,0,0,?,1,1,0,-,0,0,0,1,?,1,0.1,0,-,?,1,?,0,?,-,-,2.3,0,0,0,0,1,1,?,2,0,0,0,0,0,0,1,0,?,0,1,1,?,?,?,0,0,0,?,1,1,3,1,0,4,2,1,1.2,1,1,1,0,0,0,1,1,0,-,-,0,0,0,0,-,1,0,0,0,0,1,0,0,0,0,-,1,1,0,0,0,0,1,0,0,0,-,-,?,?,?,?,?,-,?,?,,,,,
epione,1,1,0,1,-,0,0,0,0,?,0,?,0,-,0,0,0,?,?,1,1,0,-,?,1,?,0,?,-,-,3,0,0,0,0,1,1,?,2,0,0,0,0,0,0,1,0,?,0,1,1,?,?,?,0,0,0,?,1,1,3,1,0,4,2,1,1.2,1,1,1,0,0,0,1,1,0,-,-,0,0,0,0,-,1,0,0,0,0,1,0,0,0,0,-,1,1,0,0,0,0,1,0,1,0,-,-,?,?,?,?,?,-,?,?,,,,,
syma,1,1,0,1,0,0,0,0,0,?,0,?,0,0,1,?,0,0,1,1,1,0,1,1,0,0,0,0,0,1,0,0,0,0,0,0,1,?,2,0,0,0,0,0,0,0,0,0,0,0,0,0,0,0,0,0,0,0,0,0,0,1,0,0,2,1,1,1,1,1,0,0,0,1,1,0,1,0,0,0,0,0,0,0,0,0,0,0,0,0,0,0,0,1,0,?,?,?,0,0,1,1,?,?,1,0,3,0,1,0,2,1,3,1,,,,,
cytherea,1,1,0,1,0,0,0,0,0,?,1,1,1,0,0,0,0,1,1,1,0.1,0,1,1,0,0,0,0,0,1,0,0,0,0,0,0,0,0,3,0,0,0,0,0,0,0,0,0,0,?,?,0,1,0,0,0,0,0,0,0,0,1,0,0,2,0,1,1,1,1,0,0,0,1,1,1,1,0,0,0,0,0,0,1,0,0,0,0,0,0,0,0,0,1,0,?,?,?,0,0,1,0,1,0,1,0,3,0,1,0,2,1,3,9,,,,,
viola,1,1,0,1,0,0,0,0,0,?,0,?,1,0,1,?,0,1,1,1,1,0,1,0,0,0,0,0,0,?,3,0,0,0,0,0,0,3,2,0,0,0,0,0,0,0,0,0,0,0,0,0,0,0,0,0,0,0,0,0,1,1,0,0,2,0,1,1,1,1,0,0,0,1,1,1,1,0,0,0,0,0,0,1,1,0,0,0,0,0,0,0,0,1,0,?,?,?,0,0,1,0,1,0,1,0,3,0,1,0,?,1,3,9,,,,,
salmoneus,1,1,0,1,0,0,0,0,0,?,0,?,0,0,1,?,0,1,?,1,1,0,?,?,1,?,0,?,0,?,3,0,0,0,0,0,0,3,2,0,0,0,0,0,0,0,?,?,0,1,1,5,0,0,0,0,0,0,0,0,2,1,0,0,2,1,1,1,1,1,0,0,0,1,1,1,1,0,0,0,0,0,0,1,1,0,0,0,0,0,0,0,0,1,0,?,?,0,0,0,1,0,1,0,1,0,3,0,1,0,7,1,3,9,,,,,
demialba,1,1,0,1,-,0,0,0,0,?,0,?,0,-,1,?,0,0,0,?,0,0,-,1,0,2,0,?,-,-,3,0,0,0,0,0,1,?,2,0,0,0,?,0,0,0,?,0,0,?,1,5,0,0,0,0,0,0,0,0,0,1,0,0,1,1,1,1,1,1,0,0,0,1,1,1,-,-,0,0,0,0,-,1,1,0,0,0,0,0,0,0,0,-,1,0,?,0,0,0,1,0,1,0,-,-,?,?,?,?,?,-,?,?,,,,,
epizygis,1,1,0,?,-,0,0,0,0,?,0,?,0,-,1,?,0,2,1,1,1,0,-,1,0,?,0,0,-,-,2,0,0,0,0,0,1,?,2,0,0,0,0,0,0,0,0,0,0,0,0,0,0,0,0,0,0,0,1,0,0,1,0,0,2,1,1,1,1,1,0,0,0,1,1,0,-,-,0,0,0,0,-,1,1,0,0,0,0,0,0,0,0,-,1,0,?,0,0,0,1,0,1,0,-,-,?,?,?,?,?,-,?,?,,,,,
fabricia,1,1,0,1,-,0,0,0,0,?,0,?,0,-,0,0,0,1,1,1,1,0,-,1,0,1,0,0,-,-,3,0,0,0,0,0,1,?,2,0,0,0,0,0,0,0,0,0,0,0,?,5,0,0,0,0,0,1,1,0,0,1,0,0,2,1,1,1,1,1,0,0,0,1,1,0,-,-,0,0,0,0,-,1,1,0,0,0,0,0,0,0,0,-,1,0,?,0,0,0,1,0,0,0,-,-,?,?,?,?,?,-,?,?,,,,,
capucinus,1,1,0,1,0,0,0,0,0,?,1,1,0,0,0,0,0,1,1,1,1,0,1,1,0,2,0,0,0,1,2,0,0,0,0,0,1,?,2,0,0,0,?,0,0,0,0,?,0,0,1,5,0,0,0,0,0,1,1,0,0,1,0,0,2,1,1,1,1,1,0,0,0,1,1,0,1,0,0,0,0,0,0,1,0.1,0,0,0,0,0,0,0,0,1,1,0,?,0,0,0,0,0,1,0,1,0,5,0,0,0,7,1,5,2,,,,,
barnesia,1,1,0,1,-,0,0,0,0,?,1,1,0,-,0,0,1,?,0.1,1,0.1,0,-,1,0,0.2,0,0,-,-,2,0,0,0,0,0,1,?,2,0,0,0,0,0,0,0,0,0,0,0,1,5,0,0,0,0,0,1,1,0,0,1,0,0,2,1,1,1,1,1,0,0,0,1,1,0,-,-,0,0,0,0,-,1,0,0,0,0,0,0,0,0,0,-,1,0,?,0,0,0,1,0,1,0,-,-,?,?,?,?,?,-,?,?,,,,,
diazi,1,1,0,1,-,0,0,0,0,?,0,?,0,-,0,0,1,?,1,1,1,0,-,1,0,0,0,0,-,-,2,0,0,0,0,0,1,?,2,0,0,0,0,0,0,0,0,0,0,0,1,5,0,0,0,0,0,1,1,0,0,1,0,0,2,1,1,1,1,1,0,0,0,1,1,0,-,-,0,0,0,0,-,1,0,0,0,0,0,0,0,0,0,-,1,0,?,0,0,0,1,0,2,0,-,-,?,?,?,?,?,-,?,?,,,,,
hesterbergi,1,1,0,1,-,0,0,0,0,?,0,?,0,-,1,?,0,1,1,1,1,0,-,1,0,1,0,0,-,-,3,0,0,0,0,0,1,?,2,0,0,0,0,0,0,0,?,1,0,1,1,5,0,0,0,0,0,1,1,0,0,1,0,0,2,1,1,1,1,1,0,0,0,1,1,0,-,-,0,0,0,0,-,0,1,0,0,0,0,0,0,0,0,-,1,0,?,0,0,0,0,?,?,?,-,-,?,?,?,?,?,-,?,?,,,,,
abia,1,1,0,1,-,0,0,0,0,?,1,1,0,-,1,?,0,2,1,1,1,0,-,0,0,1,0,0,-,-,2,0,0,0,0,0,1,?,2,0,0,0,0,0,0,0,0,0,0,0,0,0,0,0,0,0,0,0,0,0,0,1,0,0,2,1,1,1,1,1,0,0,0,1,1,0,-,-,0,0,0,1,-,1,1,0,0,0,0,0,0,0,0,-,1,0,?,0,0,0,1,?,?,?,-,-,?,?,?,?,?,-,?,?,,,,,
naxia,1,1,0,1,-,1,0,0,0,?,0,?,0,-,0,0,0,?,?,1,1,?,-,?,0,1,1,0,-,-,?,0,0,0,0,0,1,?,2,0,?,0,0,0,0,0,0,0,0,0,0,1.5,0,0,0,0,0,0,0,0,0,1,0,0,2,1,1,1,1,1,0,0,0,1,1,0,-,-,0,0,0,1,-,1,0,0,0,0,0,0,0,0,0,-,1,0,?,0,0,0,1,0,0,0,-,-,?,?,?,?,?,-,?,?,,,,,
heraclea,1,1,0,1,0,1,0,0,0,?,1,1,1,0,0,0,0,1,1,1,1,0,1,?,0,1,0,0,0,1,2,0,0,0,0,0,1,?,2,0,0,0,0,0,0,0,0,0,0,0,0,5,0,0,0,0,0,0,0,0,0,1,0,0,2,1,1,1,1,1,0,0,0,1,1,0,1,0,0,0,0,1,0,1,0,0,0,0,0,0,0,0,0,1,1,0,?,0,0,0,1,0,0,0,1,0,?,0,0,0,1,1,5,1,,,,,
atlantica,1,1,0,1,-,?,0,0,0,?,0,?,0,-,?,?,0,1,1,1,1,0,-,?,0,1,0,0,-,-,?,0,0,0,0,0,1,?,2,0,0,0,0,0,0,0,0,0,0,0,1,5,0,0,0,0,0,0,0,0,0,1,0,0,2,1,1,1,1,1,0,0,0,1,1,0,-,-,0,0,0,1,-,1,0,0,0,0,0,0,0,0,0,-,0,?,?,?,0,0,1,?,?,?,-,-,?,?,?,?,?,-,?,?,,,,,
malea,1,1,0,1,-,0,0,0,0,?,0,?,0.1,-,0,0,0.1,1,1,1,0.1,0,-,?,0,1,0,0,-,-,?,0,0,0,0,0,1,?,2,0,0,0,0,0,0,0,0,0,0,0,1,5,0,0,0,0,0,0,0,0,0,1,0,0,2,1,1,1,1,1,0,0,0,1,1,0,-,-,0,0,0,0,-,1,1,0,0,0,0,0,0,0,0,-,1,0,?,0,0,0,1,0,0.1,0,-,-,?,?,?,?,?,-,?,?,,,,,
boeotia,1,1,0,1,-,1,0,0,0,?,1,1,1,-,0,0,0,1,1,1,1,0,-,1,0,2,0,0,-,-,3,0,0,0,0,0,1,?,2,0,0,0,0,0,0,0,0,0,0,?,?,0,0,0,0,0,0,1,0,0,0,1,0,0,2,1,1,1,1,1,0,0,0,1,1,0,-,-,0,0,0,0,-,1,1,0,1,0,0,0,0,0,0,-,1,0,?,0,0,0,1,0,1,0,-,-,?,?,?,?,?,-,?,?,,,,,
amazona,1,1,0,1,-,0,0,0,0,?,0,?,0,-,1,?,0,1,1,1,1,0,-,1,0,2,0,0,-,-,3,0,0,0,0,0,1,?,2,0,0,0,0,0,0,0,0,0,0,0,0,0,0,0,0,0,0,1,0,0,2,1,0,0,2,1,1,1,1,1,0,0,0,1,1,0,-,-,0,0,0,0,-,1,1,0,1,0,0,0,0,0,0,-,1,0,?,1,0,0,1,0,1,0,-,-,?,?,?,?,?,-,?,?,,,,,
ximena,1,1,0,1,-,0,0,0,0,?,0,?,0,-,0,0,0,1,1,1,1,0,-,1,0,2,0,0,-,-,3,0,0,0,0,0,1,?,2,0,0,0,0,0,0,0,0,0,0,1,1,5,0,0,0,0,0,1,1,0,0,1,0,0,1,1,1,1,1,1,0,0,0,1,1,0,-,-,0,0,0,0,-,0,1,0,0,0,0,0,0,0,0,-,0,?,?,?,0,0,1,0,1,0,-,-,?,?,?,?,?,-,?,?,,,,,
delinita,1,1,0,1,-,0,0,0,0,?,0,?,1,-,1,?,0,1,1,1,1,0,-,1,0,2,0,0,-,-,2,0,0,0,0,0,1,?,2,0,0,0,0,0,0,0,0,?,0,1,1,5,0,0,0,0,0,1,1,0,0,1,0,0,2,1,1,1,1,1,0,0,0,1,1,0,-,-,0,0,0,2,-,1,1,0,0,0,0,0,0,0,0,-,1,0,?,0,0,0,1,0,1,0,-,-,?,?,?,?,?,-,?,?,,,,,
pollina,1,1,0,1,-,0,0,0,0,?,1,1,1,-,0,0,0,1,1,1,1,0,-,1,0,2,1,0,-,-,3,0,0,0,0,0,1,?,2,0,0,0,0,0,0,0,0,0,0,0,0,5,0,0,0,0,0,1,1,0,0,1,0,0,2,1,1,1,1,1,0,0,0,1,1,0,-,-,0,0,0,1,-,1,0,1,0,0,0,0,0,0,0,-,0,?,?,?,0,0,1,0,1,0,-,-,?,?,?,?,?,-,?,?,,,,,
erotia,1,1,1,1,0,0,0,0,0,?,1,1,0,0,0,0,0,1,0.1,1,0.1,0,1,1,0,2,1,0,0,1,2,0,0,0,0,0,1,?,2,0,0,0,0,0,0,0,0,1,0,1,1,5,0,0,0,0,0,1,0,0,1,1,0,0,2,1,1,1,1,1,0,0,0,1,1,0,1,0,0,0,0,3,0,1,1,0,0,0,0,0,0,0,0,1,1,2,?,1,0,0,1,0,1,0,1,0,?,?,?,?,?,1,1,?,,,,,
phylaca,1,1,0,1,0,0,0,0,0,?,0,?,0,0,1,?,0,1,1,1,1,0,1,1,0,1,1,0,0,1,2,0,0,0,0,0,1,?,2,0,0,0,0,0,0,0,0,1,0,1,1,5,0,0,0,0,0,1,0,0,0,1,0,0,2,1,1,1,1,1,0,0,0,1,1,0,1,0,0,0,0,0,0,1,0.1,0,0,0,0,0,0,0,0,1,1,0,?,1,0,0,1,0,0,0,1,0,2,0,0,0,5,1,1,1,,,,,
messana,1,1,0,1,0,0,0,0,0,?,0,?,0,0,0,0,0,1,1,1,1,0,1,1,0,1,1,0,0,1,3,0,0,0,0,0,1,?,2,0,0,0,0,0,0,0,0,1,0,?,1,5,?,0,0,0,0,1,0,0,1,1,0,0,2,1,1,1,1,1,0,0,0,1,1,0,1,0,0,0,0,1,0,1,0.1,0,0,0,0,0,0,0,0,1,1,0,?,1,0,0,1,0,0,0,1,0,2,0,0,0,5,1,1,1,,,,,
thesprotia,1,1,0,1,0,0,0,0,0,?,0,?,0,0,1,?,0,1,1,1,1,0,1,1,0,2,1,0,0,1,3,0,0,0,0,0,1,?,2,0,0,0,0,0,0,0,0,1,0,1,1,5,?,0,0,0,0,1,1,0,1,1,0,0,2,1,1,1,1,1,0,0,0,1,1,0,1,0,0,0,0,1,0,0,0,0,0,0,0,0,0,0,0,1,1,0,?,1,0,0,1,0,1,0,1,0,2,0,0,0,?,1,1,1,,,,,
mesentina,1,1,1,1,0,1,0,0,0,?,0,?,0,0,1,?,0,1,0.1,1,1,0,1,1,0,1,1,?,0,?,3,0,0,?,1,0,1,?,2,0,0,0,0,0,0,0,1,1,0,1,1,5,?,0,1,0,?,?,?,0,3,1,0,0,2,?,3,1,1,1,0,0,0,1,1,1,?,0,0,1,?,?,0,?,?,0,0,1,0,0,0,0,0,1,1,0,?,1,0,0,1,0,0,0,1,0,2,0,0,0,?,1,1,1,,,,,
lycorias,1,1,1,1,0,1,0,0,0,?,0,?,2,0,1,?,0,1,1,1,0.1,0,0,?,0.1,1,1,?,0,?,3,0,0,?,1,0,1,?,2,0,0,0,?,?,?,0.1,?,?,0,?,?,5,?,0,1,0,?,?,?,0,3,1,0,0,2,1,3,1,1,1,0,0,0,1,1,1,?,0,0,1,?,?,0,?,?,0,0,1,0,0,0,0,0,1,1,0,?,1,0,0,1,0,0,0,1,0,2,0,0,0,5,1,1,1,,,,,
attica,1,1,0,1,-,0,0,0,0,?,1,1,0,-,0,0,0,1,1,1,1,0,1,1,0,2,0,0,0,1,2,0,0,0,0,2,1,?,2,0,0,0,0,0,0,0,0,1,0,1,1,5,0,0,0,0,0,1,0.1,0,3,1,0,4,2,1,1,1,1,1,0,0,0,1,1,0,-,-,0,0,0,0,-,1,1,0,0,0,0,0,0,0,0,-,0,?,?,?,0,0,1,0,1,0,-,-,?,?,?,?,?,-,?,?,,,,,
leuceria,1,1,0,1,0,0,0,0,0,?,0,?,0,0,1,?,0,1,1,1,1,0,1,1,0,2,0,1,0,1,0,0,0,0,0,0,1,?,2,0,0,0,0,0,0,0,0,0,0,1,1,5,0,0,0,0,0,1,0,0,0,1,0,0,1.2,1,1,1,1,1,0,0,0,1,1,1,1,0,0,0,0,1,0,0,0,0,1,0,0,0,0,0,0,1,0,?,?,?,0,0,1,0,1,0,1,0,3,0,0,0,4,1,5,2,,,,,
leucerioides,1,1,0,1,-,0,0,0,0,?,0,?,0,-,1,?,0,1,1,1,1,0,-,1,0,2,0,1,-,-,0,0,0,0,0,0,0,1,2,0,0,0,0,0,0,0,0,0,0,1,1,5,0,0,0,0,0,1,0,0,0,1,0,0,1,?,1,1,1,1,0,0,0,1,1,1,-,-,0,0,0,1,-,0,0,0,1,0,0,0,0,0,0,-,0,?,?,?,0,0,1,0,1,0,-,-,?,?,?,?,?,-,?,?,,,,,
erymanthis,1,1,0,1,-,0,0,0,0,?,0,?,0,-,1,?,0,1,1,1,1,0,-,1,0,2,0,0,-,-,3,0,0,0,0,0,0,1,2,0,0,0,?,?,0,0,0,0,0,1,1,5,0,0,0,0,0,1,0,0,0,1,0,0,2,1,1,1,1,1,0,0,0,1,1,1,-,-,0,0,0,1,-,0,1,0,0.1,0,0,0,0,0,0,-,0,?,?,?,0,0,1,1,?,?,-,-,?,?,?,?,?,-,?,?,,,,,
sichaeus,1,1,0,1,-,0,0,0,0,?,0,?,0,-,1,?,0,1,1,1,1,0,-,1,0,2,0,0,-,-,3,0,0,0,0,0,1,?,2,0,0,0,0,0,0,0,0,0,0,1,1,5,0,0,0,0,0,1,1,0,0,1,0,0,2,1,1,1,1,1,0,0,0,1,1,0,-,-,0,0,0,?,-,1,1,0,0,0,0,0,0,0,0,-,0,?,?,?,0,0,1,1,?,?,-,-,?,?,?,?,?,-,?,?,,,,,
rothschildi,1,1,0,1,-,0,0,0,0,?,1,1,0,-,1,?,0,?,?,0,1,5,-,1,0,2,0,?,-,-,3,0,0,0,0,0,0,1,2,0,1,0,?,?,?,0,?,?,0,?,?,5,0,0,0,0,0,1,1,0,0,1,0,0,1,0,1,1,1,1,0,0,0,0,?,1,-,-,0,0,0,0,-,0,1,0,1,0,0,0,0,0,0,-,0,?,?,?,0,0,1,1,?,?,-,-,?,?,?,?,?,-,?,?,,,,,
stilesiana,1,1,0,?,-,0,0,0,0,?,0,?,0,-,1,?,0,0,?,?,1,5,-,1,0,2,0,?,-,-,3,0,0,0,0,0,1,?,2,0,1,0,?,?,?,0,?,?,0,1,1,5,0,0,0,0,0,1,0,0,0,1,0,0,1,0,1,1,1,1,0,0,0,0,?,?,-,-,0,0,0,0,-,1,1,0,0,0,0,0,0,0,0,-,0,?,?,?,0,0,1,1,?,?,-,-,?,?,?,?,?,-,?,?,,,,,
boreas,1,1,0,1,-,0,0,0,0,?,0,?,0,-,1,?,0,1,1,1,1,0,-,1,0,0.2,0,?,-,-,3,0,0,0,0,0,0,1,2,0,0,0,?,?,0,0,?,?,0,?,0,1,0,0,0,0,0,1,?,0,0,1,0,0,1,0,1,1,1,1,0,0,0,1,1,0.1,-,-,0,2,1,0,-,0,1,0,1,0,0,0,0,0,0,-,1,0,?,0,0,0,1,1,?,?,-,-,?,?,?,?,?,-,?,?,,,,,
cocala,1,1,0,1,0,0,0,0,0,?,0,?,1,0,1,?,0,1,1,1,1,0,1,1,0,0.2,0,0,0,1,3,0,0,0,0,0,1,?,2,0,0,0.1,0,0,0,0,0,0,0,?,?,0,0,0,0,0,0,1,1,0,0,1,0,0,2,1,1,1,1,1,0,0,0,1,1,0,1,0,0,0,0,0,0,1,1,0,1,0,0,0,0,0,0,1,1,0,?,0,0,0,1,1,?,?,1,0,3,0,0,0,4,1,5,2,,,,,
felderi,1,1,0,1,-,0,1,?,0,?,0,?,0,-,1,?,0,0,1,1,1,0,-,?,1,?,0,0,-,-,3,0,0,0,0,0,1,?,2,0,0,1,0,0,0,0,0,0,0,1,1,?,0,0,0,0,0,1,1,0,2,1,0,0,2,1,1,1,1,1,0,0,0,1,1,0,-,-,0,0,0,0,-,1,1,0,1,0,0,0,0,0,0,-,0,?,?,?,0,0,1,1,?,?,-,-,?,?,?,?,?,-,?,?,,,,,
leucophthalma,1,1,0,1,0,0,0,0,0,?,0,?,0,0,1,?,0,1,?,1,1,0,?,?,1,?,0,?,0,?,3,0,0,0,0,0,1,?,2,0,0,1,0,0,0,0,1,1,0,1,1,?,?,0,0,0,0,?,1,1,2,1,0,0,2,1,1,1,1,1,0,0,0,1,2,0,1,0,0,0,0,0,0,1,1,0,1,0,1,0,0,0,0,1,1,0,?,0,0,0,1,1,?,?,1,0,3,0,0,0,?,1,5,2,,,,,
irmina,1,1,0,1,-,0,0,0,0,?,0,?,0,-,1,?,0,1,1,1,1,0,-,?,1,?,0,?,-,-,3,0,0,0,0,0,1,?,2,0,0,1,0,0,0,0,0,0,0,1,1,?,0,0,0,0,0,?,1,1,2,1,0,0,1,1,1,1,1,1,0,0,0,1,2,0,-,-,0,0,0,0,-,1,1,0,1,0,1,0,0,0,0,-,1,0,?,0,0,0,1,1,?,?,-,-,?,?,?,?,?,-,?,?,,,,,
saundersii,1,1,0,1,-,0,1,?,0,?,0,?,0,-,1,?,0,1,1,1,1,0,-,0,0.1,2,0,?,-,-,3,0,0,0,0,1,1,?,2,0,0,1,0,0,0,0,0,?,0,1,1,4,0,0,0,0,0,?,1,1,2,1,0,0,1,?,3,1,1,1,0,0,0,1,1,1,-,-,0,0,1,?,-,1,2,0,1,0,1,0,0,0,0,-,0,?,?,?,0,0,1,1,?,?,-,-,?,?,?,?,?,-,?,?,,,,,
lamasi,1,1,0,1,-,0,1,?,0,?,0,?,0,-,1,?,0,1,1,1,1,0,-,0,0,2,0,?,-,-,3,0,0,0,0,0,1,?,2,0,0,1,0,0,0,0,1,1,0,1,1,4,0,0,0,0,0,?,1,1,2,1,0,0,1,?,3,1,1,1,0,0,0,?,?,?,-,-,0,3,1,?,-,1,2,0,1,0,1,0,0,0,0,-,0,?,?,?,0,0,1,1,?,?,-,-,?,?,?,?,?,-,?,?,,,,,
salus,1,1,0,1,-,1,0,0,0,?,0,?,0,-,1,?,0,1,1,1,1,0,-,1,0,2,0,?,-,-,3,0,0,0,0,0,1,?,2,0,0,0,1,1,0,0,?,0,0,?,1,5,0,0,0,0,0,1,1,0,0,1,0,0,2,1,1,1,1,1,0,0,0,1,1,0,-,-,0,0,0,1,-,1,1,1,1,0,?,0,0,0,0,-,1,0,?,1,0,0,1,1,?,?,-,-,?,?,?,?,?,-,?,?,,,,,
shuara,1,1,0,1,-,1,1,?,0,?,0,?,0,-,1,?,0,1,1,1,1,0,-,1,0,2,0,0,-,-,3,0,0,0,0,0,1,?,2,0,0,0,1,?,0,0,?,0,0,?,1,5,0,0,0,0,0,1,1,0,3,1,0,0,2,1,1,1,1,1,0,0,0,1,1,0,-,-,0,0,0,?,-,1,1,?,1,0,2,0,0,0,0,-,1,0,?,0,0,0,1,1,?,?,-,-,?,?,?,?,?,-,?,?,,,,,
argentea,1,1,0,1,-,0,1,?,0,?,0,?,0,-,1,?,0,1,1,1,1,4,-,1,0,2,0,0,-,-,3,1,0,?,0,1,1,?,4,0,0,0,1,?,0,0,?,1,0,?,1,5,0,0,0,1,0,?,1,?,3,1,0,3,2,1,1,1,1,1,0,0,0,1,1,0,-,-,0,0,0,0,-,1,1,0,0,0,2,0,0,0,0,-,1,0,?,1,0,0,1,?,?,?,-,-,?,?,?,?,?,-,?,?,,,,,
coryneta,1,1,0,1,-,1,1,?,0,?,0,?,0,-,1,?,0,0,0,1,0,6.7,-,?,0,2,0,0,-,-,3,1,0,0,0,0,1,?,4,0,0,0,?,?,?,0,0,0,0,?,?,5,1,0,0,1,?,?,1,?,3,1,0,3,2,1,1,1,1,1,0,0,0,1,1,0,-,-,0,1,0,?,-,1,1,?,0,0,2,0,0,0,0,-,1,0,?,1,0,0,1,1,?,?,-,-,?,?,?,?,?,-,?,?,,,,,
jordani,1,1,0,1,-,0,0,0,0,?,0,?,1,-,1,?,0,1,1,1,1,0,-,?,0,1,0,0,-,-,3,0,0,0,0,0,1,?,2,0,0,0,0,0,0,0,0,0,0,?,?,3,0,0,0,0,0,1,0,0,0,1,0,0,2,0,1,1,1,1,0,0,0,1,1,0,-,-,0,0,0,0,-,1,1,0,1,0,0,0,0,0,0,-,0,?,?,?,0,0,1,1,?,?,-,-,?,?,?,?,?,-,?,?,,,,,
zina,1,1,0,1,0,0,0,0,0,?,0,?,0.1,0,1,?,0,1,0.1,1,1,0.7,1,1,0,1,0,0,0,?,3,0,0,0,0,0,1,?,2,0,0,0,0,0,0,0,0,0,0,1,1,5,0,0,0,0,0,1,0,0,0.2,1,0,0,1.2,1,1,1,1,1,0,0,0,1,1.2,0,1,0,0,0,0,0,0,1,1,0,1,0,1,0,0,0,0,1,0,?,?,?,0,0,1,1,?,?,1,0,6,0,0,0,?,1,5,1,,,,,
milleri,1,1,0,1,-,0,0,?,0,?,0,?,0,-,1,?,0,1,1,1,1,0,-,?,0,1,0,0,-,-,3,0,0,0,0,0,1,?,2,0,0,0,0,0,0,0,0,0,0,0,0,3,?,0,0,0,0,1,0,0,2,1,0,0,2,1,1,1,1,1,0,0,0,1,1,0,-,-,0,0,0,0,-,1,1,0,1,0,1,0,0,0,0,-,0,?,?,?,0,0,1,1,?,?,-,-,?,?,?,?,?,-,?,?,,,,,
justina,1,1,0,1,-,0,1,?,0,?,0,?,0,-,1,?,0,1,1,1,1,0.3,-,1,0,1,0,0,-,-,3,0,0,0,0,0,1,?,2,0,0,0,0,0,0,0,1,1,0,1,1,5,?,0,0,0,0,1,0.1,0,2,1,0,0,2,1,1,1,1,1,0,0,0,1,2,0,-,-,0,0,0,0,-,1,1,0,1,0,1,0,0,0,0,-,0,?,?,?,0,0,1,?,?,?,-,-,?,?,?,?,?,-,?,?,,,,,
olynthia,1,1,0,1,-,0,1,?,0,?,0,?,0,-,1,?,0,1,1,1,1,3.7,-,1,0,2,0,0,-,-,3,0,0,0,0,0,1,?,2,0,0,0,0,0,0,0,1,1,0,1,1,5,?,0,0,0,0,1,0,0,2,1,0,0,2,1,1,1,1,1,0,0,0,1,2,0,-,-,0,0,0,0,-,1,1,0,1,0,1,0,0,0,0,-,0,?,?,?,0,0,1,?,?,?,-,-,?,?,?,?,?,-,?,?,,,,,
levona,1,1,0,1,-,0,1,?,0,?,0,?,0,-,1,?,0,1,1,0,1,3,-,1,0,2,0,?,-,-,3,0,0,0,0,0,1,?,2,0,0,0,?,?,?,0,?,?,0,?,?,5,?,0,0,0,0,1,0,0,2,1,0,0,2,0,1,0,?,?,?,?,?,0,?,1,-,-,0,0,0,0,-,1,1,0,0,0,1,0,0,0,0,-,0,?,?,?,0,0,1,?,?,?,-,-,?,?,?,?,?,-,?,?,,,,,
,,,,,,,,,,,,,,,,,,,,,,,,,,,,,,,,,,,,,,,,,,,,,,,,,,,,,,,,,,,,,,,,,,,,,,,,,,,,,,,,,,,,,,,,,,,,,,,,,,,,,,,,,,,,,,,,,,,,,,,
,,,,,,,,,,,,,,,,,,,,,,,,,,,,,,,,,,,,,,,,,,,,,,,,,,,,,,,,,,,,,,,,,,,,,,,,,,,,,,,,,,,,,,,,,,,,,,,,,,,,,,,,,,,,,,,,,,,,,,,
,,,,,,,,,,,,,,,,,,,,,,,,,,,,,,,,,,,,,,,,,,,,,,,,,,,,,,,,,,,,,,,,,,,,,,,,,,,,,,,,,,,,,,,,,,,,,,,,,,,,,,,,,,,,,,,,,,,,,,,
,,,,,,,,,,,,,,,,,,,,,,,,,,,,,,,,,,,,,,,,,,,,,,,,,,,,,,,,,,,,,,,,,,,,,,,,,,,,,,,,,,,,,,,,,,,,,,,,,,,,,,,,,,,,,,,,,,,,,,,
,,,, ,,,,,,,,,,,,,,,,,,,,,,,,,,,,,,,,,,,,,,,,,,,,,,,,,,,,,,,,,,,,,,,,,,,,,,,,,,,,,,,,,,,,,,,,,,,,,,,,,,,,,,,,,,,,,,,,,,,