"","Flower.color","Flower.size","Flower.species","Flower.location"
"1","purple","Small","Japanese","West"
"2","purple","Large","Japanese","South"
"3","white","Large","Siberian","West"
"4","blue","Large","Siberian","East"
"5","purple","Large","Japanese","South"
"6","blue","Large","Bearded","West"
"7","blue","Large","Japanese","North"
"8","white","Large","Siberian","East"
"9","white","Small","Siberian","South"
"10","purple","Large","Japanese","East"
"11","purple","Small","Siberian","North"
"12","purple","Large","Siberian","East"
"13","white","Small","Dutch","East"
"14","purple","Small","Bearded","West"
"15","white","Small","Dutch","North"
"16","purple","Large","Dutch","South"
"17","white","Large","Siberian","South"
"18","orange","Small","Bearded","East"
"19","purple","Large","Siberian","West"
"20","white","Small","Bearded","East"
"21","blue","Large","Japanese","South"
"22","purple","Small","Bearded","North"
"23","white","Large","Siberian","South"
"24","purple","Large","Bearded","East"
"25","purple","Small","Bearded","South"
"26","purple","Small","Bearded","North"
"27","purple","Small","Dutch","North"
"28","purple","Small","Bearded","North"
"29","blue","Large","Siberian","South"
"30","purple","Large","Dutch","East"
"31","purple","Small","Siberian","North"
"32","white","Small","Bearded","North"
"33","purple","Small","Siberian","South"
"34","purple","Small","Dutch","South"
"35","white","Small","Dutch","South"
"36","white","Large","Siberian","North"
"37","white","Small","Siberian","South"
"38","purple","Small","Bearded","South"
"39","white","Small","Bearded","South"
"40","purple","Large","Siberian","East"
"41","white","Small","Dutch","South"
"42","white","Large","Dutch","East"
"43","white","Small","Siberian","North"
"44","white","Small","Dutch","East"
"45","white","Large","Bearded","West"
"46","white","Large","Siberian","West"
"47","purple","Large","Dutch","North"
"48","purple","Large","Siberian","South"
"49","white","Large","Bearded","North"
"50","white","Small","Japanese","East"
"51","purple","Small","Bearded","West"
"52","blue","Small","Siberian","North"
"53","purple","Large","Japanese","South"
"54","purple","Large","Siberian","South"
"55","purple","Small","Dutch","North"
"56","purple","Small","Dutch","South"
"57","purple","Small","Siberian","South"
"58","white","Large","Siberian","North"
"59","white","Large","Dutch","East"
"60","purple","Small","Dutch","North"
"61","blue","Small","Dutch","East"
"62","purple","Large","Dutch","East"
"63","purple","Small","Siberian","East"
"64","purple","Large","Dutch","East"
"65","white","Small","Bearded","East"
"66","purple","Small","Japanese","East"
"67","purple","Large","Dutch","North"
"68","white","Large","Siberian","West"
"69","purple","Small","Japanese","East"
"70","blue","Small","Dutch","South"
"71","purple","Small","Siberian","North"
"72","white","Small","Dutch","West"
"73","purple","Large","Bearded","North"
"74","purple","Large","Japanese","North"
"75","purple","Large","Bearded","South"
"76","blue","Large","Bearded","North"
"77","blue","Small","Dutch","West"
"78","purple","Large","Japanese","East"
"79","white","Large","Japanese","East"
"80","orange","Large","Dutch","East"
"81","purple","Small","Bearded","North"
"82","white","Large","Dutch","North"
"83","purple","Small","Siberian","East"
"84","purple","Large","Japanese","North"
"85","white","Large","Japanese","North"
"86","purple","Small","Bearded","East"
"87","white","Small","Japanese","North"
"88","purple","Large","Bearded","North"
"89","purple","Small","Japanese","North"
"90","purple","Small","Bearded","North"
"91","purple","Small","Dutch","North"
"92","purple","Large","Japanese","West"
"93","white","Large","Siberian","West"
"94","blue","Small","Japanese","East"
"95","white","Small","Dutch","West"
"96","white","Large","Siberian","South"
"97","purple","Small","Dutch","East"
"98","purple","Small","Siberian","South"
"99","white","Small","Japanese","West"
"100","white","Small","Dutch","North"
"101","white","Large","Bearded","South"
"102","purple","Small","Japanese","South"
"103","purple","Small","Siberian","North"
"104","orange","Large","Dutch","North"
"105","white","Large","Siberian","West"
"106","purple","Large","Dutch","South"
"107","purple","Small","Siberian","West"
"108","purple","Large","Japanese","East"
"109","blue","Large","Japanese","East"
"110","white","Small","Dutch","North"
"111","orange","Small","Dutch","East"
"112","white","Small","Bearded","West"
"113","purple","Large","Bearded","East"
"114","purple","Large","Siberian","East"
"115","purple","Large","Dutch","East"
"116","purple","Large","Japanese","East"
"117","white","Small","Bearded","East"
"118","purple","Small","Siberian","East"
"119","purple","Large","Japanese","West"
"120","white","Small","Siberian","South"
"121","orange","Large","Dutch","South"
"122","purple","Small","Dutch","North"
"123","purple","Large","Japanese","South"
"124","purple","Small","Dutch","West"
"125","white","Small","Japanese","North"
"126","purple","Large","Bearded","South"
"127","white","Small","Japanese","East"
"128","purple","Small","Siberian","West"
"129","purple","Small","Dutch","South"
"130","white","Large","Siberian","East"
"131","white","Small","Dutch","North"
"132","purple","Large","Bearded","West"
"133","purple","Small","Bearded","North"
"134","white","Small","Japanese","North"
"135","blue","Large","Dutch","South"
"136","white","Large","Siberian","North"
"137","white","Large","Japanese","South"
"138","white","Large","Siberian","East"
"139","orange","Large","Siberian","South"
"140","white","Small","Dutch","East"
"141","white","Small","Siberian","South"
"142","white","Small","Japanese","South"
"143","purple","Large","Siberian","South"
"144","purple","Small","Dutch","East"
"145","white","Small","Siberian","East"
"146","purple","Small","Bearded","North"
"147","purple","Small","Japanese","South"
"148","white","Small","Dutch","East"
"149","purple","Large","Siberian","South"
"150","blue","Large","Japanese","South"
"151","white","Small","Siberian","East"
"152","white","Small","Japanese","South"
"153","purple","Small","Bearded","East"
"154","purple","Small","Siberian","South"
"155","white","Small","Bearded","East"
"156","purple","Large","Siberian","South"
"157","white","Large","Bearded","South"
"158","purple","Small","Bearded","North"
"159","purple","Small","Dutch","North"
"160","purple","Large","Dutch","South"
"161","purple","Large","Japanese","East"
"162","blue","Large","Dutch","North"
"163","purple","Small","Siberian","East"
"164","white","Small","Japanese","North"
"165","blue","Large","Siberian","North"
"166","purple","Small","Siberian","North"
"167","purple","Large","Siberian","East"
"168","purple","Small","Japanese","East"
"169","white","Small","Bearded","South"
"170","purple","Large","Dutch","East"
"171","white","Small","Dutch","West"
"172","white","Small","Dutch","South"
"173","blue","Small","Bearded","South"
"174","purple","Small","Dutch","East"
"175","purple","Large","Siberian","North"
"176","blue","Large","Siberian","East"
"177","white","Large","Siberian","West"
"178","white","Large","Siberian","North"
"179","white","Small","Bearded","South"
"180","blue","Large","Dutch","East"
"181","purple","Large","Siberian","East"
"182","purple","Large","Bearded","East"
"183","blue","Small","Dutch","West"
"184","white","Small","Bearded","West"
"185","blue","Small","Bearded","South"
"186","purple","Small","Bearded","South"
"187","white","Small","Siberian","East"
"188","white","Large","Bearded","East"
"189","blue","Large","Siberian","South"
"190","white","Large","Dutch","North"
"191","white","Large","Dutch","West"
"192","purple","Small","Japanese","West"
"193","purple","Small","Dutch","South"
"194","blue","Large","Dutch","East"
"195","purple","Large","Bearded","North"
"196","white","Small","Bearded","South"
"197","purple","Large","Dutch","East"
"198","white","Large","Dutch","North"
"199","purple","Small","Bearded","West"
"200","white","Large","Bearded","North"
"201","purple","Small","Bearded","East"
"202","purple","Large","Japanese","West"
"203","white","Large","Siberian","West"
"204","purple","Small","Bearded","South"
"205","purple","Small","Japanese","North"
"206","white","Large","Bearded","East"
"207","white","Small","Japanese","South"
"208","purple","Small","Bearded","North"
"209","purple","Small","Siberian","South"
"210","white","Small","Japanese","East"
"211","orange","Small","Bearded","East"
"212","purple","Small","Siberian","West"
"213","white","Small","Japanese","East"
"214","blue","Large","Dutch","East"
"215","white","Small","Japanese","West"
"216","purple","Large","Japanese","West"
"217","white","Large","Dutch","East"
"218","orange","Small","Japanese","East"
"219","orange","Large","Bearded","South"
"220","purple","Small","Bearded","North"
"221","purple","Large","Dutch","West"
"222","purple","Large","Japanese","East"
"223","purple","Large","Siberian","South"
"224","white","Small","Japanese","West"
"225","blue","Small","Bearded","East"
"226","white","Small","Japanese","East"
"227","purple","Small","Bearded","East"
"228","purple","Large","Dutch","South"
"229","purple","Small","Dutch","West"
"230","blue","Large","Bearded","North"
"231","purple","Small","Dutch","East"
"232","purple","Large","Siberian","North"
"233","purple","Small","Dutch","East"
"234","white","Small","Japanese","West"
"235","purple","Large","Siberian","South"
"236","white","Small","Japanese","South"
"237","white","Large","Japanese","East"
"238","white","Large","Japanese","South"
"239","purple","Large","Siberian","South"
"240","purple","Small","Siberian","North"
"241","purple","Large","Dutch","North"
"242","white","Small","Japanese","South"
"243","blue","Small","Siberian","South"
"244","purple","Large","Dutch","East"
"245","purple","Large","Dutch","South"
"246","purple","Small","Siberian","East"
"247","purple","Small","Japanese","North"
"248","purple","Small","Japanese","East"
"249","purple","Small","Bearded","South"
"250","blue","Large","Japanese","West"
"251","white","Large","Dutch","West"
"252","blue","Small","Dutch","South"
"253","purple","Small","Siberian","East"
"254","white","Large","Japanese","North"
"255","purple","Large","Japanese","South"
"256","purple","Small","Bearded","West"
"257","purple","Large","Japanese","East"
"258","purple","Small","Japanese","East"
"259","purple","Small","Japanese","East"
"260","blue","Large","Dutch","South"
"261","white","Small","Dutch","North"
"262","purple","Small","Japanese","South"
"263","purple","Large","Japanese","South"
"264","white","Small","Japanese","North"
"265","white","Small","Dutch","North"
"266","purple","Small","Siberian","East"
"267","purple","Small","Dutch","East"
"268","white","Large","Siberian","South"
"269","white","Large","Dutch","East"
"270","purple","Small","Siberian","West"
"271","purple","Small","Bearded","South"
"272","purple","Large","Siberian","East"
"273","purple","Large","Japanese","North"
"274","purple","Small","Bearded","South"
"275","purple","Small","Siberian","North"
"276","purple","Small","Dutch","East"
"277","purple","Large","Dutch","North"
"278","purple","Small","Bearded","East"
"279","purple","Large","Dutch","North"
"280","white","Large","Bearded","East"
"281","purple","Small","Japanese","East"
"282","white","Small","Dutch","South"
"283","blue","Small","Dutch","West"
"284","purple","Small","Japanese","East"
"285","purple","Large","Dutch","South"
"286","purple","Small","Siberian","South"
"287","purple","Large","Siberian","West"
"288","purple","Large","Japanese","West"
"289","purple","Small","Siberian","East"
"290","purple","Large","Japanese","East"
"291","purple","Small","Siberian","South"
"292","purple","Small","Bearded","South"
"293","orange","Large","Japanese","East"
"294","purple","Large","Dutch","East"
"295","white","Small","Japanese","South"
"296","white","Large","Siberian","South"
"297","purple","Large","Dutch","West"
"298","purple","Large","Dutch","East"
"299","purple","Large","Japanese","South"
"300","blue","Small","Siberian","East"
"301","white","Small","Japanese","East"
"302","purple","Large","Bearded","North"
"303","purple","Small","Siberian","South"
"304","purple","Large","Bearded","East"
"305","purple","Small","Bearded","East"
"306","orange","Small","Dutch","North"
"307","purple","Large","Bearded","South"
"308","white","Large","Siberian","South"
"309","purple","Small","Japanese","East"
"310","purple","Large","Dutch","East"
"311","purple","Small","Dutch","South"
"312","purple","Large","Dutch","East"
"313","white","Large","Japanese","North"
"314","white","Large","Bearded","West"
"315","purple","Large","Japanese","West"
"316","purple","Small","Bearded","East"
"317","purple","Large","Bearded","North"
"318","purple","Small","Siberian","North"
"319","orange","Small","Japanese","North"
"320","white","Small","Japanese","South"
"321","white","Small","Japanese","South"
"322","purple","Large","Siberian","East"
"323","purple","Large","Japanese","West"
"324","orange","Large","Dutch","South"
"325","blue","Small","Japanese","East"
"326","orange","Large","Siberian","South"
"327","white","Small","Japanese","North"
"328","white","Large","Bearded","South"
"329","purple","Large","Siberian","East"
"330","white","Large","Bearded","East"
"331","orange","Large","Dutch","North"
"332","purple","Small","Bearded","North"
"333","purple","Large","Japanese","East"
"334","white","Small","Japanese","East"
"335","purple","Large","Japanese","North"
"336","purple","Small","Dutch","South"
"337","purple","Large","Dutch","South"
"338","purple","Large","Bearded","North"
"339","white","Small","Dutch","North"
"340","orange","Large","Japanese","South"
"341","orange","Small","Bearded","South"
"342","purple","Small","Siberian","East"
"343","white","Small","Dutch","East"
"344","purple","Large","Japanese","South"
"345","white","Large","Siberian","West"
"346","purple","Small","Japanese","East"
"347","purple","Large","Siberian","South"
"348","purple","Small","Japanese","North"
"349","purple","Small","Siberian","East"
"350","white","Large","Bearded","West"
"351","purple","Small","Bearded","East"
"352","purple","Small","Siberian","South"
"353","white","Large","Siberian","North"
"354","purple","Small","Japanese","East"
"355","orange","Large","Dutch","East"
"356","purple","Large","Dutch","East"
"357","white","Small","Siberian","West"
"358","purple","Large","Bearded","North"
"359","blue","Large","Dutch","South"
"360","purple","Large","Japanese","West"
"361","purple","Small","Japanese","East"
"362","purple","Large","Dutch","East"
"363","white","Large","Japanese","East"
"364","purple","Small","Dutch","South"
"365","white","Small","Japanese","East"
"366","white","Large","Siberian","North"
"367","purple","Large","Japanese","East"
"368","white","Large","Bearded","East"
"369","white","Large","Bearded","East"
"370","purple","Small","Japanese","South"
"371","purple","Small","Dutch","West"
"372","white","Large","Japanese","East"
"373","blue","Large","Dutch","South"
"374","purple","Large","Japanese","South"
"375","purple","Small","Japanese","North"
"376","purple","Large","Japanese","East"
"377","purple","Large","Siberian","West"
"378","blue","Small","Japanese","North"
"379","purple","Small","Dutch","North"
"380","purple","Large","Siberian","East"
"381","purple","Small","Japanese","West"
"382","white","Large","Dutch","East"
"383","white","Large","Dutch","North"
"384","orange","Large","Siberian","North"
"385","purple","Large","Bearded","West"
"386","purple","Large","Siberian","South"
"387","white","Large","Siberian","South"
"388","white","Small","Japanese","East"
"389","purple","Small","Dutch","North"
"390","orange","Large","Dutch","South"
"391","purple","Small","Bearded","South"
"392","purple","Large","Siberian","South"
"393","blue","Small","Japanese","North"
"394","white","Small","Dutch","South"
"395","purple","Small","Siberian","East"
"396","purple","Small","Bearded","South"
"397","white","Small","Bearded","North"
"398","purple","Small","Siberian","East"
"399","purple","Large","Siberian","South"
"400","purple","Small","Dutch","West"
"401","white","Small","Siberian","East"
"402","purple","Small","Bearded","South"
"403","orange","Small","Bearded","East"
"404","blue","Large","Japanese","South"
"405","blue","Large","Dutch","North"
"406","white","Small","Siberian","South"
"407","purple","Small","Japanese","West"
"408","white","Small","Japanese","West"
"409","purple","Small","Dutch","South"
"410","blue","Small","Japanese","East"
"411","orange","Small","Japanese","West"
"412","purple","Large","Dutch","East"
"413","white","Small","Bearded","South"
"414","white","Large","Siberian","West"
"415","white","Large","Japanese","East"
"416","purple","Large","Japanese","South"
"417","purple","Large","Japanese","East"
"418","purple","Small","Dutch","East"
"419","white","Small","Dutch","South"
"420","white","Large","Japanese","East"
"421","purple","Large","Siberian","South"
"422","white","Large","Japanese","East"
"423","white","Large","Bearded","East"
"424","purple","Small","Bearded","South"
"425","purple","Large","Dutch","West"
"426","purple","Large","Bearded","West"
"427","purple","Small","Bearded","South"
"428","blue","Large","Siberian","North"
"429","white","Small","Dutch","West"
"430","blue","Large","Dutch","North"
"431","blue","Large","Dutch","North"
"432","purple","Small","Bearded","North"
"433","purple","Large","Bearded","East"
"434","white","Small","Japanese","West"
"435","purple","Small","Siberian","East"
"436","white","Large","Bearded","East"
"437","white","Small","Siberian","South"
"438","purple","Small","Siberian","South"
"439","purple","Large","Siberian","North"
"440","blue","Small","Bearded","South"
"441","purple","Small","Siberian","East"
"442","purple","Large","Dutch","South"
"443","white","Large","Bearded","East"
"444","white","Small","Dutch","South"
"445","purple","Large","Siberian","East"
"446","purple","Small","Dutch","North"
"447","purple","Large","Siberian","West"
"448","blue","Small","Bearded","West"
"449","purple","Large","Siberian","North"
"450","purple","Large","Bearded","North"
"451","orange","Large","Dutch","South"
"452","purple","Small","Siberian","East"
"453","purple","Small","Japanese","South"
"454","purple","Small","Japanese","East"
"455","purple","Large","Bearded","East"
"456","white","Large","Bearded","West"
"457","white","Small","Dutch","East"
"458","orange","Large","Dutch","East"
"459","white","Small","Bearded","West"
"460","purple","Small","Dutch","East"
"461","purple","Small","Dutch","East"
"462","purple","Small","Dutch","North"
"463","purple","Large","Siberian","South"
"464","purple","Small","Japanese","West"
"465","purple","Large","Siberian","South"
"466","blue","Large","Bearded","East"
"467","white","Small","Siberian","South"
"468","purple","Large","Japanese","East"
"469","purple","Large","Siberian","North"
"470","white","Small","Japanese","East"
"471","purple","Large","Bearded","North"
"472","orange","Large","Siberian","North"
"473","white","Large","Siberian","North"
"474","purple","Small","Dutch","East"
"475","purple","Large","Dutch","East"
"476","purple","Large","Dutch","South"
"477","blue","Small","Siberian","South"
"478","purple","Large","Dutch","West"
"479","purple","Small","Siberian","North"
"480","white","Small","Japanese","South"
"481","white","Large","Bearded","South"
"482","purple","Large","Bearded","South"
"483","white","Small","Japanese","West"
"484","blue","Large","Bearded","South"
"485","white","Large","Dutch","East"
"486","white","Large","Japanese","North"
"487","purple","Small","Bearded","East"
"488","purple","Large","Bearded","East"
"489","blue","Small","Japanese","East"
"490","purple","Large","Dutch","East"
"491","purple","Large","Japanese","North"
"492","blue","Large","Siberian","North"
"493","purple","Large","Siberian","South"
"494","purple","Small","Dutch","South"
"495","purple","Large","Japanese","North"
"496","purple","Small","Bearded","North"
"497","purple","Small","Bearded","North"
"498","white","Large","Siberian","West"
"499","white","Large","Dutch","West"
"500","purple","Small","Siberian","West"
"501","white","Large","Dutch","North"
"502","white","Large","Japanese","North"
"503","white","Large","Bearded","East"
"504","white","Small","Dutch","East"
"505","purple","Small","Bearded","East"
"506","orange","Small","Japanese","North"
"507","purple","Small","Bearded","South"
"508","white","Large","Bearded","East"
"509","white","Small","Bearded","East"
"510","white","Small","Bearded","South"
"511","blue","Small","Dutch","South"
"512","purple","Small","Dutch","East"
"513","purple","Small","Bearded","East"
"514","white","Small","Japanese","West"
"515","white","Small","Siberian","East"
"516","purple","Large","Siberian","West"
"517","white","Small","Bearded","West"
"518","white","Small","Dutch","East"
"519","purple","Small","Siberian","South"
"520","white","Large","Bearded","East"
"521","white","Large","Dutch","North"
"522","white","Small","Japanese","West"
"523","purple","Large","Bearded","South"
"524","purple","Large","Siberian","South"
"525","purple","Small","Bearded","South"
"526","blue","Small","Siberian","East"
"527","white","Small","Japanese","South"
"528","white","Large","Bearded","South"
"529","orange","Large","Japanese","East"
"530","orange","Large","Bearded","West"
"531","white","Large","Siberian","South"
"532","purple","Small","Siberian","East"
"533","purple","Small","Japanese","East"
"534","purple","Large","Dutch","South"
"535","purple","Small","Siberian","West"
"536","purple","Large","Dutch","East"
"537","purple","Large","Dutch","South"
"538","purple","Large","Japanese","North"
"539","purple","Small","Japanese","West"
"540","white","Small","Bearded","South"
"541","purple","Large","Japanese","North"
"542","orange","Large","Siberian","West"
"543","white","Large","Japanese","South"
"544","purple","Small","Bearded","North"
"545","purple","Small","Japanese","South"
"546","purple","Small","Japanese","North"
"547","orange","Small","Japanese","South"
"548","purple","Large","Siberian","South"
"549","white","Small","Siberian","East"
"550","white","Small","Bearded","South"
"551","blue","Large","Dutch","North"
"552","white","Large","Bearded","West"
"553","purple","Large","Siberian","South"
"554","blue","Small","Bearded","South"
"555","white","Large","Dutch","North"
"556","purple","Small","Bearded","North"
"557","purple","Large","Japanese","West"
"558","purple","Small","Dutch","West"
"559","white","Small","Dutch","North"
"560","white","Large","Japanese","West"
"561","white","Small","Dutch","South"
"562","purple","Small","Bearded","West"
"563","purple","Large","Dutch","East"
"564","white","Large","Bearded","West"
"565","blue","Small","Bearded","West"
"566","white","Large","Siberian","South"
"567","purple","Large","Bearded","East"
"568","white","Large","Japanese","West"
"569","purple","Large","Siberian","West"
"570","orange","Small","Japanese","South"
"571","purple","Large","Bearded","East"
"572","purple","Small","Japanese","East"
"573","purple","Small","Siberian","South"
"574","purple","Small","Siberian","East"
"575","white","Large","Bearded","East"
"576","white","Small","Siberian","South"
"577","white","Small","Japanese","South"
"578","purple","Small","Japanese","South"
"579","white","Large","Bearded","East"
"580","white","Small","Dutch","West"
"581","purple","Large","Bearded","East"
"582","blue","Small","Japanese","West"
"583","white","Small","Dutch","South"
"584","purple","Small","Siberian","North"
"585","white","Large","Dutch","East"
"586","purple","Small","Japanese","East"
"587","purple","Small","Siberian","South"
"588","white","Small","Bearded","South"
"589","orange","Large","Siberian","South"
"590","white","Large","Siberian","East"
"591","white","Small","Bearded","East"
"592","purple","Large","Dutch","North"
"593","white","Small","Dutch","North"
"594","white","Large","Bearded","East"
"595","white","Large","Siberian","East"
"596","white","Small","Dutch","East"
"597","purple","Small","Japanese","South"
"598","purple","Small","Dutch","North"
"599","purple","Small","Japanese","East"
"600","purple","Small","Bearded","West"
"601","white","Small","Siberian","East"
"602","blue","Small","Dutch","East"
"603","purple","Large","Japanese","South"
"604","white","Large","Dutch","West"
"605","orange","Large","Siberian","North"
"606","orange","Small","Siberian","East"
"607","purple","Small","Japanese","North"
"608","purple","Large","Dutch","South"
"609","orange","Large","Bearded","South"
"610","purple","Small","Siberian","North"
"611","blue","Small","Dutch","East"
"612","purple","Small","Japanese","North"
"613","white","Large","Siberian","North"
"614","white","Small","Siberian","West"
"615","white","Large","Siberian","South"
"616","purple","Small","Bearded","West"
"617","purple","Large","Dutch","East"
"618","purple","Large","Japanese","East"
"619","white","Small","Bearded","East"
"620","purple","Large","Siberian","East"
"621","blue","Large","Japanese","East"
"622","purple","Large","Japanese","East"
"623","white","Small","Dutch","North"
"624","purple","Large","Japanese","North"
"625","purple","Small","Japanese","North"
"626","white","Large","Dutch","East"
"627","purple","Large","Bearded","West"
"628","white","Small","Japanese","East"
"629","purple","Large","Dutch","East"
"630","blue","Large","Dutch","North"
"631","blue","Small","Dutch","South"
"632","purple","Large","Dutch","West"
"633","purple","Small","Dutch","North"
"634","white","Large","Dutch","East"
"635","purple","Large","Siberian","South"
"636","purple","Small","Dutch","South"
"637","purple","Large","Dutch","East"
"638","purple","Large","Japanese","South"
"639","white","Large","Siberian","South"
"640","white","Small","Dutch","West"
"641","blue","Large","Japanese","East"
"642","purple","Large","Dutch","East"
"643","blue","Large","Bearded","South"
"644","purple","Large","Dutch","North"
"645","white","Large","Siberian","North"
"646","purple","Small","Japanese","South"
"647","purple","Small","Japanese","West"
"648","blue","Small","Dutch","North"
"649","white","Large","Japanese","North"
"650","blue","Small","Siberian","South"
"651","white","Small","Dutch","South"
"652","white","Small","Dutch","South"
"653","purple","Small","Bearded","South"
"654","purple","Large","Dutch","East"
"655","white","Small","Dutch","West"
"656","purple","Large","Dutch","South"
"657","purple","Large","Dutch","East"
"658","white","Large","Japanese","South"
"659","white","Large","Siberian","North"
"660","blue","Large","Japanese","South"
"661","purple","Large","Bearded","South"
"662","white","Small","Siberian","West"
"663","purple","Large","Siberian","East"
"664","white","Large","Bearded","West"
"665","purple","Small","Japanese","East"
"666","white","Small","Dutch","East"
"667","blue","Small","Siberian","South"
"668","purple","Small","Bearded","East"
"669","purple","Large","Siberian","North"
"670","white","Large","Siberian","West"
"671","white","Large","Dutch","South"
"672","white","Large","Japanese","East"
"673","white","Large","Dutch","East"
"674","white","Large","Siberian","North"
"675","white","Small","Siberian","South"
"676","purple","Small","Bearded","South"
"677","purple","Small","Bearded","East"
"678","purple","Small","Bearded","South"
"679","purple","Small","Siberian","East"
"680","purple","Large","Siberian","East"
"681","white","Small","Bearded","East"
"682","white","Large","Dutch","East"
"683","purple","Large","Dutch","East"
"684","white","Small","Siberian","West"
"685","white","Large","Dutch","North"
"686","white","Small","Bearded","North"
"687","purple","Large","Japanese","West"
"688","purple","Small","Siberian","East"
"689","purple","Small","Japanese","West"
"690","blue","Small","Japanese","North"
"691","purple","Large","Dutch","East"
"692","white","Small","Bearded","North"
"693","white","Large","Bearded","North"
"694","white","Small","Siberian","East"
"695","purple","Large","Dutch","West"
"696","white","Large","Bearded","South"
"697","white","Small","Bearded","East"
"698","purple","Small","Japanese","South"
"699","orange","Large","Bearded","South"
"700","purple","Small","Siberian","South"
"701","blue","Large","Dutch","South"
"702","blue","Small","Japanese","East"
"703","white","Small","Bearded","North"
"704","white","Large","Japanese","West"
"705","white","Large","Siberian","South"
"706","purple","Small","Japanese","South"
"707","purple","Large","Bearded","North"
"708","white","Large","Dutch","North"
"709","blue","Small","Siberian","West"
"710","white","Small","Siberian","East"
"711","white","Large","Bearded","South"
"712","purple","Small","Japanese","South"
"713","purple","Large","Siberian","South"
"714","white","Small","Dutch","East"
"715","purple","Large","Bearded","East"
"716","purple","Small","Japanese","East"
"717","purple","Small","Japanese","South"
"718","purple","Large","Siberian","South"
"719","purple","Small","Dutch","East"
"720","white","Small","Bearded","West"
"721","purple","Small","Bearded","South"
"722","white","Large","Japanese","North"
"723","blue","Small","Dutch","South"
"724","white","Large","Dutch","South"
"725","purple","Small","Dutch","South"
"726","blue","Small","Dutch","East"
"727","purple","Large","Bearded","North"
"728","white","Large","Siberian","West"
"729","purple","Small","Japanese","South"
"730","purple","Large","Siberian","North"
"731","white","Small","Japanese","East"
"732","white","Small","Siberian","West"
"733","white","Large","Siberian","North"
"734","purple","Large","Siberian","South"
"735","white","Small","Bearded","South"
"736","purple","Large","Dutch","East"
"737","purple","Large","Siberian","North"
"738","white","Small","Siberian","East"
"739","purple","Small","Dutch","South"
"740","purple","Small","Siberian","North"
"741","purple","Large","Bearded","North"
"742","white","Large","Bearded","North"
"743","white","Large","Japanese","South"
"744","purple","Small","Siberian","East"
"745","purple","Small","Bearded","East"
"746","purple","Small","Bearded","South"
"747","purple","Small","Bearded","North"
"748","white","Large","Siberian","East"
"749","purple","Small","Japanese","East"
"750","white","Small","Dutch","North"
"751","purple","Small","Dutch","West"
"752","blue","Small","Dutch","South"
"753","white","Large","Siberian","East"
"754","purple","Small","Siberian","East"
"755","purple","Large","Bearded","North"
"756","purple","Small","Bearded","West"
"757","purple","Large","Dutch","West"
"758","purple","Small","Japanese","South"
"759","orange","Large","Bearded","South"
"760","purple","Small","Japanese","South"
"761","white","Large","Japanese","South"
"762","purple","Small","Japanese","East"
"763","blue","Large","Siberian","North"
"764","purple","Large","Bearded","North"
"765","purple","Small","Japanese","East"
"766","purple","Large","Japanese","East"
"767","white","Large","Japanese","East"
"768","white","Small","Dutch","North"
"769","blue","Large","Siberian","West"
"770","white","Large","Siberian","North"
"771","purple","Large","Siberian","West"
"772","white","Large","Japanese","East"
"773","purple","Small","Japanese","East"
"774","orange","Small","Japanese","East"
"775","white","Small","Bearded","South"
"776","purple","Small","Siberian","South"
"777","purple","Large","Bearded","East"
"778","white","Small","Japanese","South"
"779","purple","Large","Dutch","East"
"780","orange","Large","Bearded","West"
"781","blue","Small","Dutch","North"
"782","white","Large","Siberian","West"
"783","white","Small","Japanese","North"
"784","purple","Small","Dutch","East"
"785","blue","Large","Bearded","South"
"786","purple","Small","Dutch","North"
"787","white","Large","Siberian","East"
"788","purple","Large","Bearded","South"
"789","purple","Large","Japanese","West"
"790","purple","Large","Japanese","South"
"791","purple","Small","Japanese","North"
"792","purple","Small","Siberian","North"
"793","blue","Small","Siberian","North"
"794","purple","Large","Siberian","North"
"795","white","Small","Japanese","West"
"796","white","Large","Siberian","South"
"797","purple","Small","Japanese","South"
"798","white","Small","Bearded","South"
"799","white","Small","Bearded","North"
"800","purple","Small","Dutch","East"
"801","blue","Large","Bearded","North"
"802","purple","Large","Siberian","South"
"803","orange","Large","Bearded","West"
"804","white","Small","Siberian","North"
"805","purple","Small","Japanese","East"
"806","white","Small","Dutch","West"
"807","purple","Large","Bearded","East"
"808","blue","Small","Japanese","West"
"809","purple","Large","Dutch","East"
"810","purple","Small","Bearded","South"
"811","purple","Small","Siberian","North"
"812","purple","Large","Dutch","North"
"813","purple","Large","Bearded","South"
"814","orange","Large","Dutch","North"
"815","purple","Small","Siberian","East"
"816","white","Small","Bearded","South"
"817","blue","Small","Bearded","East"
"818","blue","Small","Dutch","South"
"819","purple","Large","Bearded","East"
"820","white","Small","Bearded","East"
"821","purple","Small","Siberian","East"
"822","white","Large","Siberian","East"
"823","white","Small","Japanese","East"
"824","white","Small","Japanese","East"
"825","blue","Small","Bearded","South"
"826","purple","Large","Siberian","East"
"827","purple","Small","Japanese","South"
"828","purple","Small","Bearded","West"
"829","purple","Large","Bearded","North"
"830","white","Small","Siberian","South"
"831","white","Small","Siberian","East"
"832","blue","Small","Japanese","West"
"833","white","Small","Dutch","East"
"834","white","Large","Siberian","West"
"835","purple","Small","Japanese","East"
"836","white","Small","Dutch","East"
"837","purple","Small","Dutch","South"
"838","blue","Large","Bearded","South"
"839","orange","Large","Siberian","North"
"840","white","Small","Bearded","West"
"841","blue","Small","Bearded","North"
"842","purple","Small","Bearded","East"
"843","purple","Large","Bearded","South"
"844","purple","Small","Japanese","North"
"845","purple","Large","Dutch","East"
"846","purple","Small","Dutch","North"
"847","purple","Large","Dutch","North"
"848","white","Small","Bearded","South"
"849","white","Large","Dutch","West"
"850","purple","Large","Siberian","West"
"851","blue","Small","Japanese","South"
"852","white","Large","Dutch","North"
"853","purple","Small","Siberian","South"
"854","orange","Small","Bearded","South"
"855","purple","Large","Dutch","North"
"856","purple","Large","Dutch","South"
"857","purple","Small","Japanese","South"
"858","white","Small","Bearded","East"
"859","purple","Large","Dutch","South"
"860","purple","Small","Japanese","South"
"861","purple","Small","Dutch","West"
"862","purple","Large","Japanese","South"
"863","white","Small","Japanese","East"
"864","purple","Large","Japanese","East"
"865","purple","Small","Siberian","East"
"866","purple","Large","Japanese","South"
"867","purple","Small","Japanese","South"
"868","white","Large","Siberian","East"
"869","white","Large","Japanese","North"
"870","purple","Small","Siberian","West"
"871","purple","Large","Bearded","South"
"872","orange","Large","Japanese","South"
"873","white","Small","Siberian","West"
"874","purple","Large","Bearded","South"
"875","purple","Large","Dutch","East"
"876","purple","Small","Siberian","West"
"877","purple","Large","Bearded","East"
"878","purple","Small","Japanese","East"
"879","white","Small","Japanese","West"
"880","orange","Small","Dutch","South"
"881","purple","Large","Siberian","South"
"882","blue","Large","Dutch","West"
"883","orange","Large","Bearded","North"
"884","blue","Small","Bearded","East"
"885","purple","Small","Bearded","North"
"886","white","Large","Bearded","West"
"887","white","Small","Siberian","South"
"888","white","Large","Bearded","East"
"889","white","Large","Siberian","South"
"890","purple","Large","Siberian","South"
"891","purple","Large","Japanese","North"
"892","purple","Large","Siberian","West"
"893","purple","Large","Bearded","North"
"894","purple","Small","Dutch","East"
"895","purple","Large","Japanese","South"
"896","purple","Small","Siberian","West"
"897","white","Large","Siberian","South"
"898","purple","Large","Siberian","North"
"899","purple","Large","Bearded","South"
"900","purple","Large","Siberian","South"
"901","white","Large","Dutch","North"
"902","white","Large","Dutch","East"
"903","purple","Large","Dutch","East"
"904","purple","Small","Japanese","East"
"905","purple","Small","Dutch","East"
"906","purple","Large","Siberian","West"
"907","purple","Large","Japanese","South"
"908","purple","Small","Bearded","East"
"909","purple","Large","Bearded","East"
"910","purple","Large","Siberian","East"
"911","white","Small","Bearded","South"
"912","white","Small","Siberian","North"
"913","white","Large","Dutch","South"
"914","purple","Large","Bearded","North"
"915","purple","Small","Japanese","South"
"916","purple","Small","Siberian","East"
"917","purple","Large","Japanese","West"
"918","white","Large","Siberian","East"
"919","white","Small","Bearded","North"
"920","blue","Large","Siberian","East"
"921","purple","Small","Bearded","West"
"922","orange","Small","Siberian","West"
"923","orange","Large","Dutch","East"
"924","purple","Small","Siberian","West"
"925","blue","Large","Dutch","North"
"926","white","Large","Japanese","East"
"927","white","Small","Bearded","West"
"928","purple","Small","Japanese","South"
"929","white","Small","Japanese","South"
"930","purple","Large","Dutch","North"
"931","white","Small","Japanese","North"
"932","blue","Large","Bearded","South"
"933","purple","Small","Japanese","West"
"934","purple","Large","Dutch","West"
"935","white","Small","Dutch","South"
"936","white","Small","Dutch","North"
"937","blue","Small","Siberian","East"
"938","purple","Large","Bearded","North"
"939","blue","Large","Siberian","North"
"940","purple","Small","Japanese","South"
"941","purple","Large","Dutch","East"
"942","blue","Small","Dutch","North"
"943","purple","Small","Siberian","South"
"944","purple","Small","Dutch","East"
"945","purple","Small","Japanese","East"
"946","purple","Small","Japanese","East"
"947","white","Large","Dutch","East"
"948","white","Small","Siberian","East"
"949","blue","Large","Japanese","South"
"950","white","Large","Japanese","East"
"951","purple","Small","Bearded","South"
"952","purple","Large","Siberian","South"
"953","white","Small","Japanese","East"
"954","blue","Small","Japanese","South"
"955","white","Small","Siberian","South"
"956","purple","Small","Japanese","East"
"957","blue","Large","Siberian","West"
"958","purple","Small","Siberian","East"
"959","purple","Small","Siberian","West"
"960","purple","Small","Bearded","North"
"961","purple","Large","Dutch","West"
"962","purple","Large","Siberian","West"
"963","purple","Small","Siberian","West"
"964","white","Small","Bearded","South"
"965","purple","Large","Bearded","South"
"966","purple","Large","Bearded","North"
"967","purple","Large","Siberian","West"
"968","blue","Small","Dutch","North"
"969","orange","Large","Bearded","South"
"970","white","Small","Bearded","North"
"971","orange","Small","Bearded","East"
"972","white","Small","Japanese","South"
"973","purple","Large","Japanese","South"
"974","orange","Large","Japanese","South"
"975","purple","Small","Dutch","North"
"976","purple","Small","Japanese","North"
"977","purple","Large","Siberian","North"
"978","white","Large","Bearded","East"
"979","white","Large","Bearded","South"
"980","white","Large","Bearded","South"
"981","purple","Large","Japanese","South"
"982","purple","Large","Bearded","South"
"983","orange","Large","Japanese","East"
"984","purple","Small","Dutch","South"
"985","purple","Small","Dutch","East"
"986","purple","Large","Siberian","South"
"987","white","Small","Siberian","North"
"988","purple","Small","Dutch","North"
"989","orange","Small","Dutch","South"
"990","white","Small","Dutch","North"
"991","purple","Small","Dutch","West"
"992","purple","Large","Siberian","East"
"993","white","Large","Japanese","West"
"994","purple","Large","Japanese","South"
"995","purple","Large","Japanese","East"
"996","white","Small","Bearded","East"
"997","white","Small","Siberian","South"
"998","purple","Large","Bearded","South"
"999","purple","Large","Japanese","South"
"1000","purple","Small","Siberian","South"
"1001","white","Large","Siberian","South"
"1002","white","Large","Japanese","North"
"1003","purple","Small","Dutch","South"
"1004","orange","Large","Bearded","South"
"1005","purple","Large","Japanese","East"
"1006","purple","Small","Bearded","West"
"1007","white","Small","Siberian","East"
"1008","white","Small","Dutch","West"
"1009","white","Large","Japanese","West"
"1010","white","Small","Siberian","East"
"1011","blue","Large","Dutch","North"
"1012","white","Large","Bearded","West"
"1013","purple","Small","Bearded","South"
"1014","orange","Small","Siberian","South"
"1015","purple","Small","Dutch","South"
"1016","blue","Large","Dutch","East"
"1017","blue","Small","Japanese","South"
"1018","purple","Small","Bearded","East"
"1019","purple","Large","Japanese","North"
"1020","purple","Small","Japanese","East"
"1021","purple","Large","Siberian","North"
"1022","white","Large","Siberian","East"
"1023","purple","Large","Japanese","North"
"1024","white","Small","Dutch","North"
"1025","purple","Large","Siberian","West"
"1026","white","Small","Siberian","West"
"1027","white","Large","Siberian","West"
"1028","purple","Small","Bearded","West"
"1029","purple","Small","Japanese","West"
"1030","white","Large","Bearded","South"
"1031","white","Large","Japanese","West"
"1032","purple","Small","Siberian","South"
"1033","purple","Small","Japanese","East"
"1034","orange","Small","Bearded","East"
"1035","white","Small","Siberian","North"
"1036","purple","Large","Japanese","South"
"1037","purple","Small","Japanese","East"
"1038","white","Small","Japanese","North"
"1039","blue","Small","Dutch","North"
"1040","purple","Large","Dutch","West"
"1041","purple","Small","Japanese","East"
"1042","purple","Small","Siberian","South"
"1043","white","Small","Siberian","East"
"1044","white","Small","Japanese","South"
"1045","purple","Small","Siberian","East"
"1046","purple","Small","Dutch","South"
"1047","white","Small","Bearded","East"
"1048","purple","Small","Siberian","North"
"1049","purple","Large","Dutch","South"
"1050","blue","Large","Bearded","South"
"1051","purple","Small","Japanese","East"
"1052","white","Large","Siberian","East"
"1053","purple","Small","Siberian","South"
"1054","blue","Small","Siberian","South"
"1055","blue","Small","Siberian","North"
"1056","purple","Small","Siberian","West"
"1057","white","Small","Dutch","West"
"1058","purple","Small","Bearded","North"
"1059","white","Small","Siberian","East"
"1060","purple","Large","Japanese","East"
"1061","purple","Large","Siberian","West"
"1062","blue","Small","Japanese","West"
"1063","blue","Small","Dutch","South"
"1064","purple","Small","Japanese","South"
"1065","white","Small","Japanese","North"
"1066","blue","Large","Bearded","East"
"1067","purple","Small","Siberian","West"
"1068","purple","Large","Dutch","East"
"1069","blue","Large","Siberian","South"
"1070","purple","Large","Siberian","East"
"1071","purple","Large","Dutch","East"
"1072","purple","Large","Bearded","South"
"1073","white","Small","Siberian","South"
"1074","purple","Small","Japanese","East"
"1075","blue","Small","Japanese","North"
"1076","white","Large","Dutch","South"
"1077","white","Large","Dutch","East"
"1078","purple","Large","Japanese","South"
"1079","purple","Small","Siberian","East"
"1080","purple","Large","Siberian","North"
"1081","purple","Large","Siberian","North"
"1082","purple","Large","Japanese","North"
"1083","white","Large","Siberian","North"
"1084","purple","Small","Siberian","East"
"1085","white","Small","Bearded","South"
"1086","white","Large","Siberian","North"
"1087","white","Large","Siberian","South"
"1088","purple","Small","Siberian","East"
"1089","blue","Large","Bearded","South"
"1090","purple","Small","Bearded","North"
"1091","purple","Small","Dutch","North"
"1092","white","Large","Japanese","West"
"1093","purple","Small","Japanese","South"
"1094","purple","Large","Siberian","East"
"1095","white","Small","Siberian","West"
"1096","white","Large","Bearded","East"
"1097","purple","Large","Dutch","North"
"1098","white","Small","Japanese","North"
"1099","white","Small","Dutch","North"
"1100","blue","Large","Bearded","North"
"1101","white","Small","Bearded","North"
"1102","purple","Large","Siberian","East"
"1103","purple","Small","Bearded","North"
"1104","purple","Large","Bearded","West"
"1105","purple","Large","Japanese","South"
"1106","white","Small","Siberian","West"
"1107","purple","Small","Dutch","South"
"1108","purple","Large","Dutch","East"
"1109","blue","Small","Bearded","South"
"1110","purple","Large","Bearded","East"
"1111","purple","Small","Siberian","West"
"1112","white","Small","Dutch","South"
"1113","purple","Large","Japanese","South"
"1114","white","Small","Japanese","South"
"1115","white","Small","Dutch","South"
"1116","white","Small","Dutch","East"
"1117","purple","Small","Japanese","East"
"1118","white","Small","Siberian","North"
"1119","purple","Small","Siberian","West"
"1120","white","Large","Dutch","South"
"1121","purple","Small","Bearded","East"
"1122","white","Large","Dutch","West"
"1123","purple","Large","Siberian","South"
"1124","white","Large","Siberian","South"
"1125","white","Large","Dutch","North"
"1126","blue","Small","Dutch","North"
"1127","purple","Small","Bearded","South"
"1128","purple","Large","Siberian","West"
"1129","purple","Small","Siberian","East"
"1130","purple","Large","Bearded","West"
"1131","blue","Small","Dutch","West"
"1132","purple","Small","Siberian","East"
"1133","purple","Large","Siberian","East"
"1134","purple","Small","Bearded","West"
"1135","purple","Small","Bearded","South"
"1136","purple","Large","Japanese","West"
"1137","purple","Small","Japanese","South"
"1138","white","Small","Siberian","South"
"1139","white","Small","Bearded","North"
"1140","purple","Large","Bearded","North"
"1141","purple","Small","Japanese","East"
"1142","purple","Small","Japanese","West"
"1143","white","Small","Dutch","East"
"1144","purple","Large","Bearded","East"
"1145","white","Large","Dutch","North"
"1146","white","Large","Siberian","North"
"1147","purple","Large","Siberian","West"
"1148","purple","Large","Japanese","South"
"1149","white","Large","Bearded","South"
"1150","purple","Large","Japanese","South"
"1151","white","Large","Dutch","West"
"1152","purple","Large","Siberian","South"
"1153","white","Small","Dutch","South"
"1154","blue","Large","Japanese","West"
"1155","orange","Large","Bearded","East"
"1156","purple","Small","Siberian","South"
"1157","purple","Small","Japanese","West"
"1158","purple","Large","Siberian","South"
"1159","purple","Small","Japanese","South"
"1160","purple","Small","Siberian","South"
"1161","purple","Large","Japanese","South"
"1162","purple","Small","Bearded","West"
"1163","white","Small","Japanese","East"
"1164","purple","Small","Japanese","North"
"1165","blue","Small","Dutch","East"
"1166","purple","Large","Bearded","South"
"1167","orange","Small","Dutch","West"
"1168","purple","Large","Bearded","South"
"1169","white","Large","Japanese","East"
"1170","purple","Large","Dutch","West"
"1171","white","Large","Bearded","West"
"1172","white","Large","Dutch","South"
"1173","purple","Large","Dutch","North"
"1174","purple","Small","Japanese","South"
"1175","white","Small","Bearded","North"
"1176","purple","Large","Bearded","West"
"1177","white","Large","Bearded","East"
"1178","white","Large","Japanese","North"
"1179","purple","Small","Dutch","South"
"1180","purple","Small","Dutch","North"
"1181","purple","Large","Japanese","South"
"1182","purple","Large","Bearded","West"
"1183","purple","Small","Japanese","North"
"1184","purple","Large","Japanese","East"
"1185","blue","Small","Japanese","West"
"1186","purple","Large","Japanese","South"
"1187","purple","Large","Siberian","East"
"1188","white","Small","Dutch","East"
"1189","purple","Small","Dutch","South"
"1190","purple","Small","Siberian","South"
"1191","white","Small","Siberian","North"
"1192","blue","Large","Siberian","East"
"1193","purple","Large","Japanese","North"
"1194","white","Small","Dutch","North"
"1195","purple","Small","Siberian","North"
"1196","orange","Large","Japanese","West"
"1197","white","Small","Siberian","East"
"1198","white","Small","Bearded","South"
"1199","purple","Small","Japanese","East"
"1200","purple","Small","Dutch","North"
