Scientific_Name,Family,Genus,Species,Brain_Size_Species_Mean,Brain_Size_Female_Mean,Brain_size_Ref,Body_mass_male_mean,Body_mass_female_mean,Mass_Dimorphism,Mass_Ref,MeanGroupSize,AdultMales,AdultFemale,AdultSexRatio,Social_Organization_Ref,InterbirthInterval_d,Gestation,WeaningAge_d,MaxLongevity_m,LitterSz,Life_History_Ref,GR_MidRangeLat_dd,Precip_Mean_mm,Temp_Mean_degC,AET_Mean_mm,PET_Mean_mm,Climate_Ref,HomeRange_km2,HomeRangeRef,DayLength_km,DayLengthRef,Territoriality,Fruit,Leaves,Fauna,DietRef1,Canine_Dimorphism,Canine_Dimorphism_Ref,Feed,Move,Rest,Social,Activity_Budget_Ref
Microcebus_myoxinus,Cheirogalidae,Microcebus,myoxinus,,,,31,30,1.033,Smith and Jungers 1997,1,1,1,,Kappeler 1997,,59.99,,,2,Jones et al. 2009,-20.08,822.6,24.8,930,1566,Jones et al. 2009,,,,,,,,,,,,,,,,
Microcebus_rufus,Cheirogalidae,Microcebus,rufus,1.72,1.8,Isler et al 2008,43,42,1.024,Isler et al 2008,1,1,1,,Kappeler 1997,,61,40,144,2.52,Jones et al. 2009,-19.32,1714.4,20,1319.6,1595.2,Jones et al. 2009,0.01,Jones et al. 2009,,,,,,,,0.939,Plavcan & Ruff 2008,,,,,
Microcebus_murinus,Cheirogalidae,Microcebus,murinus,1.63,1.66,Isler et al 2008,63,67.2,0.938,Isler et al 2008,1,1,1,,Kappeler 1997,365,61,40.45,186,2,Jones et al. 2009,-18.95,851.2,24.1,897.1,1624.7,Jones et al. 2009,0.01,Jones et al. 2009,,,,51,,,,0.995,Plavcan & Ruff 2008,,,,,
Galagoides_demidoff,Galagidae,Galagoides,demidoff,2.65,2.66,Isler et al 2008,76.2,73.1,1.042,Isler et al 2008,10,,,,van Schaik et al. 1999,365,111,43.47,168,1.29,Jones et al. 2009,-0.14,1404.3,24.4,1291.4,1553.2,Jones et al. 2009,0.01,Jones et al. 2009,,,,10,0,,,1.277,Plavcan & Ruff 2008,,,,,
Allocebus_trichotis,Cercopithecidae,Allocebus,trichotis,,,,92,84,1.095,Smith and Jungers 1997,1,1,1,,Kappeler 1997,,,,,1,,-16.59,1902.3,20.3,1388.2,1653.7,Jones et al. 2009,,,,,,,,,,,,,,,,
Callithrix_pygmaea,Cebidae,Callithrix,pygmaea,4.17,4.33,Isler et al 2008,110,122,0.902,Isler et al 2008,2,1.5,1,0.67,van Schaik et al. 1999; Kappeler and Pereira 2003; Nunn & van Schaik 2000,182.5,125,90.73,181.2,1.93,Jones et al. 2009,-5.96,2085.3,25.6,1483.2,1526.1,Jones et al. 2009,0.002,Jones et al. 2009,0.29,Nunn et al. 2003,5.5846,,,,,1.034,Plavcan & Ruff 2008,,,,,
Tarsius_bancanus,Tarsiidae,Tarsius,bancanus,3.16,3.17,Isler et al 2008,128,123,1.041,Isler et al 2008,,,,,,240.29,178,78.55,144,1,Jones et al. 2009,0.56,2563.9,24.7,1702.8,1734.7,Jones et al. 2009,0.04,Campbell et al. 2007,1.8,Pontzer and Kamilar 2006,7.976,,,,,,,,,,,
Tarsius_syrichta,Tarsiidae,Tarsius,syrichta,3.36,3.27,Isler et al 2008,134,117,1.145,Isler et al 2008,,,,,,,179,82.49,180,1.01,Jones et al. 2009,9.07,1831,24.1,1565.2,1739.4,Jones et al. 2009,0.048,Campbell et al. 2007,1.38,Campbell et al. 2007,5.5822,,,,,,,,,,,
Cheirogaleus_medius,Cheirogalidae,Cheirogaleus,medius,2.6,2.6,Isler et al 2008,140,139,1.007,Isler et al 2008,1,1,1,,Kappeler 1997,365,61,60.65,231.6,2.04,Jones et al. 2009,-19.03,850.8,24,899.7,1625.8,Jones et al. 2009,0.02,Jones et al. 2009,,,,,,,,0.942,Plavcan & Ruff 2008,,,,,
Galagoides_zanzibaricus,Galagidae,Galagoides,zanzibaricus,3.51,3.75,Isler et al 2008,149,137,1.088,Isler et al 2008,,,,,,182.5,120,59.27,,1.3,Jones et al. 2009,-11.84,760,24,888.6,1571,Jones et al. 2009,0.01,Jones et al. 2009,1.76,Pontzer and Kamilar 2006,15.5976,,,,,1.106,Plavcan & Ruff 2008,,,,,
Galago_moholi,Galagidae,Galago,moholi,3.71,3.64,Isler et al 2008,149.6,147.2,1.017,Isler et al 2008,1,1,1,,Kamilar 2006,182.5,123,90.46,198,1.6,Jones et al. 2009,-13.46,801.2,21.7,852.2,1461.9,Jones et al. 2009,0.04,Jones et al. 2009,,,,,,,,1.062,Plavcan & Ruff 2008,63.9,25,4.5,12,Campbell et al. 2007
Loris_tardigradus,Lorisidae,Loris,tardigradus,5.87,5.93,Isler et al 2008,192,193,0.995,Isler et al 2008,2,1,1,1,van Schaik et al. 1999,182.5,166,167.49,196.8,1.44,Jones et al. 2009,6.75,1472.7,25.2,1550.5,1555,Jones et al. 2009,0.007,Jones et al. 2009,,,,,,,,0.985,Plavcan & Ruff 2008,,,,,
Galago_senegalensis,Galagidae,Galago,senegalensis,3.96,3.9,Isler et al 2008,200.3,188,1.066,Isler et al 2008,1,1,1,,Kamilar 2006,219,126,93.93,204,1.5,Jones et al. 2009,1.95,800.8,25,836.6,1594.8,Jones et al. 2009,0.08,Jones et al. 2009,,,,6,,,,1.111,Plavcan & Ruff 2008,,,,,
Galago_matschiei,Galagidae,Galago,matschiei,4.62,4.43,Isler et al 2008,207,212,0.976,Isler et al 2008,,,,,,,,,,0.99,Jones et al. 2009,-0.33,1165,21.5,1391.6,1568,Jones et al. 2009,,,,,,,,,,,,,,,,
Loris_lydekkerianus,Lorisidae,Loris,lydekkerianus,6.34,6.53,Isler et al 2008,264,269,0.981,Isler et al 2008,,,,,,,,,,,,,,,,,,,,,,,,,,,,,26,35.6,36.4,23,Campbell et al. 2007
Euoticus_elegantulus,Lorisidae,Euoticus,elegantulus,5.53,5.48,Isler et al 2008,287,261,1.1,Isler et al 2008,,,,,,182,122,60,180,0.99,Jones et al. 2009,-0.26,1497.1,24.4,1298.2,1499.5,Jones et al. 2009,,,,,,,,,,1.062,Plavcan & Ruff 2008,,,,,
Mirza_coquereli,Cheirogalidae,Mirza,coquereli,5.8,5.23,Isler et al 2008,311,312,0.997,Isler et al 2008,1,1,1,,Kappeler 1997,365,89,136,183.6,1.71,Jones et al. 2009,-18.34,924.8,23.9,937.1,1597.7,Jones et al. 2009,0.03,Jones et al. 2009,,,,,,,,,,,,,,
Arctocebus_calabarensis,Lorisidae,Arctocebus,calabarensis,6.92,6.53,Isler et al 2008,312,306,1.02,Isler et al 2008,,,,,van Schaik et al. 1999; Kappeler and Pereira 2003; Nunn & van Schaik 2000,144.47,133,109.26,156,1.01,Jones et al. 2009,5.52,1844.4,24.8,1218,1530.3,Jones et al. 2009,,,,,,,,,,1,Plavcan & Ruff 2008,,,,,
Callithrix_jacchus,Cebidae,Callithrix,jacchus,7.24,7.05,Isler et al 2008,318,322,0.988,Isler et al 2008,11,2.3,2.9,1.26,van Schaik et al. 1999; Kappeler and Pereira 2003; Nunn & van Schaik 2000,159.8,144,60.24,201.6,2.31,Jones et al. 2009,-6.58,993.9,25,912.7,1488.6,Jones et al. 2009,0.02,Jones et al. 2009,0.88,Nunn et al. 2003,5.5146,22,0,11,Nunn et al 2003,1.056,Plavcan & Ruff 2008,43,14,30,14,Kamilar 2006; Sussman et al. 2005
Phaner_furcifer,Cheirogalidae,Phaner,furcifer,6.68,6.78,Isler et al 2008,328,350,0.937,Isler et al 2008,2,1,1,,Kappeler 1997,,174.46,,144,1.01,Jones et al. 2009,-15.35,1763.1,22.3,1471,1867.6,Jones et al. 2009,0.02,Jones et al. 2009,,,,,,,,,,,,,,
Callithrix_argentata,Cebidae,Callithrix,argentata,7.95,8.36,Isler et al 2008,330,360,0.917,Isler et al 2008,,,,,,219.6,144,,201.6,1.84,Jones et al. 2009,-3.09,1718.5,25.4,1412.8,1614.4,Jones et al. 2009,,,,,,,,,,,,,,,,
Callithrix_penicillata,Cebidae,Callithrix,penicillata,7.32,7.38,Isler et al 2008,343.8,311.7,1.103,Isler et al 2008,8,3,2,0.67,Campbell et al 2007,,,,184.8,2,Jones et al. 2009,-12.68,1172.2,22,1085,1442.4,Jones et al. 2009,0.01,Jones et al. 2009,1,Pontzer and Kamilar 2006,8.8623,,,,,1.08,Plavcan & Ruff 2008,,,,,
Callithrix_humeralifera,Cebidae,Callithrix,humeralifera,,8.2,Isler et al 2008,360,380,0.947,Isler et al 2008,,2.8,3.3,1.18,Nunn & van Schaik 2000,,144,99.01,180,2,Jones et al. 2009,-5.36,1636.7,25.9,1433.7,1605.8,Jones et al. 2009,0.1,Jones et al. 2009,1.12,Pontzer and Kamilar 2006,3.1388,76.5,,,Kamilar 2006,,,,,,5,Sussman et al. 2005
Saguinus_niger,Cebidae,Saguinus,niger,9.48,9.62,Isler et al 2008,380,370,1.027,Isler et al 2008,,,,,,,,,,,,,,,,,,,,,,,,,,,,,,,,,
Saguinus_fuscicollis,Cebidae,Saguinus,fuscicollis,7.94,8.03,Isler et al 2008,404.6,396.6,1.02,Isler et al 2008,5.1,1.9,1.3,0.68,Garber et al. 2008,293.5,147,90.1,294,1.83,Jones et al. 2009,-5.28,1968,25.4,1450.1,1535.4,Jones et al. 2009,0.2,Jones et al. 2009,1.6,Nunn et al. 2003,3.1707,55,0,44,Nunn et al 2003,1.014,Plavcan & Ruff 2008,17.09,28.48,35.86,5.08,Kamilar 2006
Saguinus_oedipus,Cebidae,Saguinus,oedipus,9.76,9.92,Isler et al 2008,416.6,445.1,0.936,Isler et al 2008,5.8,2.7,1.7,0.63,Garber et al. 2008,233.06,178,49.85,277.2,1.9,Jones et al. 2009,9.22,1202.9,26.3,1367.1,1586.1,Jones et al. 2009,0.06,Jones et al. 2009,1.9,Nunn et al. 2003,6.8742,,5,37,Nunn et al 2003,1,Plavcan 2001,,,,,
Saguinus_bicolor,Cebidae,Saguinus,bicolor,,,,428,430,0.995,Smith and Jungers 1997,7.5,,,,Kamilar 2006,,160,,228,2,Jones et al. 2009,-1.74,1299.9,26.2,1446.9,1659.3,Jones et al. 2009,,,,,,,,,,,,,,,,
Cheirogaleus_major,Cheirogalidae,Cheirogaleus,major,5.81,5.63,Isler et al 2008,438,362,1.21,Isler et al 2008,1,1,1,,Kappeler 1997,,65,47.14,180,2.26,Jones et al. 2009,-18.76,1676.3,20.3,1320.2,1592.7,Jones et al. 2009,0.02,Jones et al. 2009,,,,,,,,,,,,,,
Nycticebus_pygmaeus,Lorisidae,Nycticebus,pygmaeus,,,,462,376,1.229,Smith and Jungers 1997,1,1,1,,Nekaris & Bearder 2007,448,188,133,205.2,1.75,Jones et al. 2009,16.94,1499,21.1,1172.5,1359.8,Jones et al. 2009,,,,,,,,,,1.112,Plavcan & Ruff 2008,,,,,
Saguinus_imperator,Cebidae,Saguinus,imperator,,,,474,475,0.998,Smith and Jungers 1997,7,1,1,1,Kamilar 2006,,145,,242.4,2,Jones et al. 2009,-9.23,2127.9,24.9,1499.1,1570.9,Jones et al. 2009,0.22,Jones et al. 2009,2.06,Pontzer and Kamilar 2006,3.8922,,,,,,,,,,,
Callimico_goeldii,Cebidae,Callimico,goeldii,11.43,11.9,Isler et al 2008,499,468,1.066,Isler et al 2008,7.2,1,2,2,van Schaik et al. 1999; Kappeler and Pereira 2003; Nunn & van Schaik 2000,182.5,153,66.53,214.8,1.05,Jones et al. 2009,-5.33,2091.9,26,1476.2,1518.1,Jones et al. 2009,0.32,Jones et al. 2009,2,Nunn et al. 2003,3.1333,29,0,34,Kappeler & Pereira 2003,,,14,17,66,3,Porter 2001
Saguinus_geoffroyi,Cebidae,Saguinus,geoffroyi,10.14,10.19,Isler et al 2008,499.3,534.4,0.934,Isler et al 2008,6.3,2.4,2.1,0.88,Garber et al. 2008,240.9,142,56,246,1.97,Jones et al. 2009,6.88,2794.3,25.9,1563.4,1738.4,Jones et al. 2009,0.16,Jones et al. 2009,,,,,,,,,,,,,,
Saguinus_leucopus,Cebidae,Saguinus,leucopus,9.7,9.61,Isler et al 2008,510,539,0.946,Isler et al 2008,,,,,,,142.5,,182.4,2,Jones et al. 2009,6.3,1436.6,23.1,1499.6,1576.2,Jones et al. 2009,,,,,,,,,,,,,,,,
Saguinus_midas,Cebidae,Saguinus,midas,9.78,9.98,Isler et al 2008,535,591,0.905,Isler et al 2008,,,,,,206.83,127,69.6,184.8,2.02,Jones et al. 2009,-0.17,1606.8,25.3,1441.5,1667,Jones et al. 2009,0.05,Jones et al. 2009,,,,,,,,0.991,Plavcan & Ruff 2008,,,,,
Leontopithecus_chrysomelas,Cebidae,Leontopithecus,chrysomelas,11.84,11.86,Isler et al 2008,610,700,0.871,Isler et al 2008,6.7,1.6,1,0.63,,,,,255.6,2.04,Jones et al. 2009,-15.01,1531.2,22.4,1385.5,1596.7,Jones et al. 2009,0.24,Jones et al. 2009,,,,,,,,,,,,,9.1,Sussman et al. 2005
Lepilemur_leucopus,Lepilemuridae,Lepilemur,leucopus,6.87,6.8,Isler et al 2008,617,594,1.039,Isler et al 2008,1,1,1,,Kappeler 1997,,135.92,121.66,103,1.01,Jones et al. 2009,-24.5,568.2,23.1,803.2,1741.5,Jones et al. 2009,0.002,Jones et al. 2009,,,,,,,,1.123,Plavcan & Ruff 2008,,,,,
Leontopithecus_rosalia,Cebidae,Leontopithecus,rosalia,12.83,12.67,Isler et al 2008,620,598,1.037,Isler et al 2008,5.4,1.8,1.5,0.83,Garber et al. 2008,182.5,128,75.69,297.6,1.94,Jones et al. 2009,-22.1,1283.2,20.7,1231.5,1476.7,Jones et al. 2009,0.26,Jones et al. 2009,1.44,Pontzer and Kamilar 2006,2.5028,,,,,,,,,,5.4,Sussman et al. 2005
Saguinus_mystax,Cebidae,Saguinus,mystax,11.09,10.99,Isler et al 2008,629.3,538,1.17,Isler et al 2008,7,2.2,2,0.91,Garber et al. 2008,168.5,145,,240,1.93,Jones et al. 2009,-6.23,1948.5,25.6,1532.1,1569.1,Jones et al. 2009,0.21,Jones et al. 2009,1.85,Pontzer and Kamilar 2006,3.5777,,,,,,,25,29.6,27.2,4.7,Kamilar 2006
Nycticebus_coucang,Lorisidae,Nycticebus,coucang,10.13,9.54,Isler et al 2008,679,626,1.085,Isler et al 2008,1,1,1,,primatelit;  Kappeler and Pereira 2003,365,188,181.21,318,1.12,Jones et al. 2009,0.27,2372.9,24.9,1664.9,1740.3,Jones et al. 2009,,,,,,60,0,,,1.037,Plavcan & Ruff 2008,21,70.6,5.4,3,Campbell et al. 2007
Aotus_vociferans,Cebidae,Aotus,vociferans,,,,708,698,1.014,Isler et al 2008,3.3,1,1,1,Garber et al. 2008,,,,265.2,1.02,Jones et al. 2009,1.06,2174.4,25.3,1476.4,1511.6,Jones et al. 2009,,,,,,,,,,,,,,,,
Hapalemur_griseus,Lemuridae,Hapalemur,griseus,14.09,13.99,Isler et al 2008,748,670,1.116,Isler et al 2008,4.4,1,1,1,Kamilar 2006; Nunn & van Schaik 2000,334.58,140,136.29,205.2,1.5,Jones et al. 2009,-19.45,1772.8,19.7,1338.7,1594.7,Jones et al. 2009,0.01,Jones et al. 2009,0.43,Pontzer and Kamilar 2006,3.8108,,,,,1.005,Plavcan & Ruff 2008,,,,,
Aotus_lemurinus,Cebidae,Aotus,lemurinus,16.3,16.25,Isler et al 2008,752.8,716.1,1.051,Isler et al 2008,,,,,,,135,76,405.6,1,Jones et al. 2009,,,,,,,,,,,,,,,,1.171,Plavcan & Ruff 2008,,,,,
Aotus_nancymaae,Cebidae,Aotus,nancymaae,,,,794,780,1.018,Smith and Jungers 1997,3.9,1,1,1,Garber et al. 2008,,,,,1.02,Jones et al. 2009,-4.59,2280.4,26.1,1531.3,1533.1,Jones et al. 2009,,,,,,,,,,,,,,,,
Otolemur_garnettii,Galagidae,Otolemur,garnettii,11.5,10.24,Isler et al 2008,794,734,1.082,Isler et al 2008,,,,,,215.95,132,139.2,204,1.02,Jones et al. 2009,-4.61,679.2,23.6,868.7,1602.4,Jones et al. 2009,0.12,Jones et al. 2009,,,,,,,,1.081,Plavcan & Ruff 2008,21,52.3,9.4,14.5,Campbell et al. 2007
Perodicticus_potto,Lorisidae,Perodicticus,potto,12.42,11.87,Isler et al 2008,802.1,867.9,0.924,Isler et al 2008,2,1,1,,van Schaik et al. 1999; Kappeler and Pereira 2003,354.05,170,149.15,312,1.09,Jones et al. 2009,1.77,1390,24.4,1255.9,1545.5,Jones et al. 2009,0.11,Jones et al. 2009,,,,81,0,,,1.01,Plavcan & Ruff 2008,,,,,
Lepilemur_ruficaudatus,Lepilemuridae,Lepilemur,ruficaudatus,8.25,7,Isler et al 2008,806,803,1.004,Isler et al 2008,1,1,1,,Kappeler 1997,,135.92,119.32,,1.02,Jones et al. 2009,-21.58,578.9,23.9,789.1,1602.6,Jones et al. 2009,0.008,Campbell et al. 2007,,,,,,,,1.179,Plavcan & Ruff 2008,,,,,
Lepilemur_dorsalis,Lepilemuridae,Lepilemur,dorsalis,6.7,6.7,Isler et al 2008,817,923,0.885,Isler et al 2008,1,1,1,1,Kappeler 1997,,,,,1.01,Jones et al. 2009,-13.79,1332.8,20.2,1240.4,1623.7,Jones et al. 2009,,,,,,,,,,,,,,,,
Avahi_occidentalis,Indriidae,Avahi,occidentalis,7.95,,Isler et al 2008,836.3,766.5,1.091,Isler et al 2008,3.5,1,1,1,Kappeler 1997,,,,,1.02,Jones et al. 2009,-17.38,1184.4,24.9,981.5,1557.8,Jones et al. 2009,0.01,Jones et al. 2009,,,,,,,,,,,,,,
Saimiri_sciureus,Cebidae,Saimiri,sciureus,24.14,24.02,Isler et al 2008,855,742.5,1.152,Isler et al 2008,38,4.3,7.9,1.84,van Schaik et al. 1999; Kappeler and Pereira 2003; Nunn & van Schaik 2000,383.25,161,177.41,324,1,Jones et al. 2009,-0.64,1868.6,25.3,1461.1,1606.7,Jones et al. 2009,0.68,Jones et al. 2009,1.8,Nunn et al. 2003,1.9345,28,0,72,Nunn et al 2003,1.411,Plavcan 2001,,,,2.9,Sussman et al. 2005
Aotus_nigriceps,Cebidae,Aotus,nigriceps,,,,875,1040,0.841,Isler et al 2008,4.1,1,1,1,Garber et al. 2008,,,,,,,-7.72,1807.1,25.2,1432.2,1570.5,Jones et al. 2009,0.105,Campbell et al. 2007,0.708,Campbell et al. 2007,1.9363,60,,,Campbell et al. 2007,,,,,,,
Saimiri_oerstedii,Cebidae,Saimiri,oerstedii,25.07,25.52,Isler et al 2008,897,680,1.319,Isler et al 2008,55.3,10,8.9,0.89,Kamilar 2006,,161,362.93,,1.01,Jones et al. 2009,8.77,2280,26.6,1440,1755,Jones et al. 2009,0.1,Jones et al. 2009,3.4,Nunn et al. 2003,9.5285,,0,20,Nunn et al 2003,,,,,,13.9,Sussman et al. 2005
Lepilemur_edwardsi,Lepilemuridae,Lepilemur,edwardsi,7.25,8,Isler et al 2008,928,934,0.994,Isler et al 2008,2,,,,Kamilar 2006,,,,,,,-17.31,1142,25.5,963.2,1571.2,Jones et al. 2009,0.008,Jones et al. 2009,,,,,,,,,,,,,,
Callicebus_donacophilus,Pitheciidae,Callicebus,donacophilus,,,,991,909,1.09,Smith and Jungers 1997,,,,,,,,,300,1.02,Jones et al. 2009,-15.87,1089.3,24.4,1238.2,1469.1,Jones et al. 2009,,,,,,,,,,,,,,,,
Callicebus_moloch,Pitheciidae,Callicebus,moloch,,,,1020,956,1.067,Smith and Jungers 1997,3.3,1,1,1,van Schaik et al. 1999; Kappeler and Pereira 2003; Nunn & van Schaik 2000,365,163,58.85,303.6,1.01,Jones et al. 2009,-7.7,1740.3,24.6,1330.5,1530.3,Jones et al. 2009,0.07,"Wright 1984	 1986",0.55,Campbell et al. 2007,1.8423,53.7,33,9,Nunn et al 2003; Kappeler & Pereira 2003,1.079,Plavcan & Ruff 2008,,,,,
Saimiri_boliviensis,Cebidae,Saimiri,boliviensis,,,,1020,750,1.36,Isler et al 2008,60,,,,Kamilar 2006,,157.79,,363.6,1.02,Jones et al. 2009,-11.05,1715,24.3,1417.9,1535,Jones et al. 2009,,,,,,,,,,1.614,Plavcan & Ruff 2008,,,,,
Aotus_trivirgatus,Cebidae,Aotus,trivirgatus,16.85,16.13,Isler et al 2008,1044.4,933.3,1.119,Isler et al 2008,2.9,1,1,1,Garber et al. 2008,271,142,76.21,303.6,1.06,Jones et al. 2009,4.15,1786,24.8,1488.1,1676.3,Jones et al. 2009,0.02,Jones et al. 2009,0.66,Nunn et al. 2003,4.1359,45.5,10,15,Nunn et al 2003; Kappeler & Pereira 2003,1.11,Plavcan & Ruff 2008,,,,,
Callicebus_hoffmannsi,Pitheciidae,Callicebus,hoffmannsi,,,,1090,1030,1.058,Smith and Jungers 1997,,,,,,,,,,1.02,Jones et al. 2009,-3.97,1584.1,25.8,1417.6,1610.4,Jones et al. 2009,,,,,,,,,,,,,,,,
Nycticebus_bengalensis,Lorisidae,Nycticebus,bengalensis,13.49,13.23,Isler et al 2008,1100,1020,1.078,Isler et al 2008,,,,,,,,,,,,,,,,,,,,,,,,,,,,,,,,,
Avahi_laniger,Indriidae,Avahi,laniger,9.86,10.1,Isler et al 2008,1106,1307,0.846,Isler et al 2008,3,1,1,1,Kappeler 1997,365,136.15,149.15,,1.01,Jones et al. 2009,-19.63,1769,19.7,1334.1,1600.1,Jones et al. 2009,0.01,Jones et al. 2009,0.46,Pontzer and Kamilar 2006,4.0766,,,,,0.942,Plavcan & Ruff 2008,,,,,
Eulemur_mongoz,Lemuridae,Eulemur,mongoz,20.17,19.69,Isler et al 2008,1143.3,1281.5,0.892,Isler et al 2008,2.93,1,1,1,Ossi and Kamilar 2006,365,128,151.13,360,1.11,Jones et al. 2009,-16.11,1258.8,26.2,932.2,1603.7,Jones et al. 2009,0.042,Ossi and Kamilar 2006,0.712,Pontzer and Kamilar 2006,3.0789,63.3,19.3,0,Ossi and Kamilar 2006,1.197,Plavcan & Ruff 2008,9,9.5,69.1,4,Ossi and Kamilar 2006; Sussman et al. 2005
Aotus_azarai,Cebidae,Aotus,azarai,20.67,20.69,Isler et al 2008,1180,1230,0.959,Isler et al 2008,3.1,1,1,1,Garber et al. 2008,365,,229.69,360,1,Jones et al. 2009,-17.05,1010.9,24.6,1186.2,1410.8,Jones et al. 2009,0.095,Campbell et al. 2007,,,,45,41,,Campbell et al. 2007,,,,,,,
Otolemur_crassicaudatus,Galagidae,Otolemur,crassicaudatus,11.78,11.06,Isler et al 2008,1190,1110,1.072,Isler et al 2008,6,1,,,van Schaik et al. 1999; Kappeler and Pereira 2003,365,130,124.62,225.6,1.14,Jones et al. 2009,-14.71,870.9,22,912.8,1482.6,Jones et al. 2009,0.06,Jones et al. 2009,,,,,0,,,1.229,Plavcan & Ruff 2008,,,,,
Hapalemur_griseus_alaotrensis,Lemuridae,Hapalemur,griseus_alaotrensis,13.8,,Isler et al 2008,1228,1251,0.982,Isler et al 2008,,,,,,,,,,,,,,,,,,,,,,,,,,,,,,,,,
Callicebus_personatus,Pitheciidae,Callicebus,personatus,,,,1270,1380,0.92,Smith and Jungers 1997,4,1,1,1,Miller 1996,,,,,1.01,Jones et al. 2009,-19.25,1073.9,21.2,1204.5,1458.5,Jones et al. 2009,0.047,"Kinzey 1981	 Kinzeyand Becker 1983",0.69,Campbell et al. 2007,2.8206,68,17.6,,Campbell et al. 2007; Kappeler & Pereira 2003,,,,,,,
Callicebus_torquatus,Pitheciidae,Callicebus,torquatus,,19.84,Isler et al 2008,1280,1210,1.058,Isler et al 2008,4.8,1,1,1,Garber et al. 2008,,,,,,,,,,,,,0.29,"Kinzey 1978	 1981",0.8,Campbell et al. 2007,1.3165,71.3,4,20,Campbell et al. 2007,1.059,Plavcan & Ruff 2008,,,,1.4,Sussman et al. 2005
Eulemur_coronatus,Lemuridae,Eulemur,coronatus,20.65,21.91,Isler et al 2008,1280,1080,1.185,Isler et al 2008,9.25,4.13,3.75,0.91,Ossi and Kamilar 2006,,126,,220.8,1.53,Jones et al. 2009,-13.06,1050.9,23.8,1253.3,1528,Jones et al. 2009,0.123,Ossi and Kamilar 2006,0.912,Ossi and Kamilar 2006,2.3046,81.9,3.3,,Ossi and Kamilar 2006,1.116,Plavcan & Ruff 2008,19.4,7,44,4.3,Ossi and Kamilar 2006; Sussman et al. 2005
Eulemur_sanfordi,Lemuridae,Eulemur,sanfordi,,,,1870,1830,1.022,Smith and Jungers 1997,5,2.25,2.13,0.95,Ossi and Kamilar 2006,,,,,,,-12.78,1013.1,25.2,1193,1510,Jones et al. 2009,0.07,Freed 1996,0.758,Ossi and Kamilar 2006,2.539,89.1,2.2,,Ossi and Kamilar 2006,,,17.7,11,59.2,,Ossi and Kamilar 2006
Miopithecus_talapoin,Cercopithecidae,Miopithecus,talapoin,37.35,34.76,Isler et al 2008,1940,1560,1.244,Isler et al 2008,66.5,10.2,20.4,2,Hill & Lee 1998,365,169,178.98,370.8,1.01,Jones et al. 2009,-7.68,1043.1,23.2,1091.6,1517,Jones et al. 2009,0.8,Jones et al. 2009,2.4,Nunn et al. 2003,2.378,43,<5,35,Campbell et al. 2007,1.694,Plavcan & Ruff 2008,,,,,
Pithecia_pithecia,Pitheciidae,Pithecia,pithecia,32.26,32.58,Isler et al 2008,1940,1580,1.228,Isler et al 2008,5.5,1,2,2,"Setz and Gaspar 1997	 Gilbert and Setz 2001",448.03,158,113.15,248.4,1.01,Jones et al. 2009,2.92,1569.9,25.4,1467.7,1698.9,Jones et al. 2009,0.128,"Norconk	 in press",1.5,"Norconk	 in press",3.7156,29.4,8.75,3,Campbell et al. 2007,1.174,Plavcan & Ruff 2008,,,,,
Eulemur_rubriventer,Lemuridae,Eulemur,rubriventer,26.23,26.93,Isler et al 2008,1980,1940,1.021,Isler et al 2008,3,1,1,1,Ossi and Kamilar 2006,,130,151.22,240,1.01,Jones et al. 2009,-18.45,1781.1,19.4,1344,1575.5,Jones et al. 2009,0.2,Ossi and Kamilar 2006,0.444,Ossi and Kamilar 2006,0.8799,81,15,,Ossi and Kamilar 2006,1.051,Plavcan & Ruff 2008,16,21,60,2,Ossi and Kamilar 2006; Sussman et al. 2005
Eulemur_albocollaris,Lemuridae,Eulemur,albocollaris,22.1,,Isler et al 2008,2150,2130,1.009,Isler et al 2008,,,,,,,,,,,,,,,,,,,,,,,,,,,,,,,,,
Hapalemur_simus,Lemuridae,Hapalemur,simus,,,,2150,1300,1.654,Smith and Jungers 1997,7,1,1,1,Kappeler 1997,,142,,144,1,Jones et al. 2009,-21.76,1746.4,18.9,1334.9,1505.3,Jones et al. 2009,0.62,Jones et al. 2009,,,,,,,,,,30.6,20.3,33.6,,Kamilar 2006
Eulemur_rufus,Lemuridae,Eulemur,rufus,25.4,27.5,Isler et al 2008,2170,2270,0.956,Isler et al 2008,9.17,4.1,2.6,0.63,Ossi and Kamilar 2006,,,,,,,-19.51,1068.8,22.8,1004.1,1547,Jones et al. 2009,0.584,Ossi and Kamilar 2006,0.8475,Ossi and Kamilar 2006,0.9828,68.4,24.1,,Ossi and Kamilar 2006,,,18,16.2,61.8,,Ossi and Kamilar 2006
Lemur_catta,Lemuridae,Lemur,catta,22.9,19.75,Isler et al 2008,2210,2210,1,Isler et al 2008,17,5.2,6.4,1.23,van Schaik et al. 1999; Kappeler and Pereira 2003; Nunn & van Schaik 2000,468.41,135,126.51,360,1.18,Jones et al. 2009,-23.05,629.4,23,839.1,1636.6,Jones et al. 2009,0.05,Jones et al. 2009,0.9,Pontzer and Kamilar 2006,3.567,54,43.6,0?,,1.186,Plavcan & Ruff 2008,,,,4.6,Sussman et al. 2005
Eulemur_fulvus,Lemuridae,Eulemur,fulvus,25.77,25.39,Isler et al 2008,2250,2333.3,0.964,Isler et al 2008,8.9,3,3.5,1.17,van Schaik et al. 1999; Kappeler and Pereira 2003; Nunn & van Schaik 2000,547.5,118,134.64,444,1.1,Jones et al. 2009,-16.64,1561.3,21.4,1179.3,1588.5,Jones et al. 2009,0.162,Ossi and Kamilar 2006,0.447,Ossi and Kamilar 2006,0.9842,68.7,25.6,0,Ossi and Kamilar 2006,1.176,Plavcan & Ruff 2008,18.4,15.6,58.9,2.48,Kamilar 2006
Pithecia_irrorata,Pitheciidae,Pithecia,irrorata,,,,2250,2070,1.087,Smith and Jungers 1997,3.5,,,,Buchanan-Smith et al. 2000,,,,,,,-8.15,1766.7,25.1,1388.5,1574.5,Jones et al. 2009,,,,,,,,,,,,,,,,
Eulemur_macaco,Lemuridae,Eulemur,macaco,24.51,24.92,Isler et al 2008,2350,2430,0.967,Isler et al 2008,10,3.4,3.1,0.91,van Schaik et al. 1999; Kappeler and Pereira 2003; Nunn & van Schaik 2000,365,127,143.28,360,1.04,Jones et al. 2009,-13.94,1341.9,22.3,1188.6,1717.6,Jones et al. 2009,0.053,Ossi and Kamilar 2006,,,,64.3,23,0,Ossi and Kamilar 2006,1.02,Plavcan & Ruff 2008,13.6,16.4,62.8,,Ossi and Kamilar 2006
Eulemur_albifrons,Lemuridae,Eulemur,albifrons,21.45,,Isler et al 2008,2390,2281,1.048,Isler et al 2008,9,3.5,3,0.86,Ossi and Kamilar 2006,,,,,,,,,,,,,0.13,Vasey 2000,0.9825,Ossi and Kamilar 2006,2.4149,69,11.5,,Ossi and Kamilar 2006,,,22,22,56,,Ossi and Kamilar 2006
Daubentonia_madagascariensis,Daubentonidae,Daubentonia,madagascariensis,44.85,47.19,Isler et al 2008,2620,2490,1.052,Isler et al 2008,1,1,1,,Kappeler 1997,760.41,167,197.7,291.6,1.01,Jones et al. 2009,-18.79,1491.3,21.7,1216.3,1601.3,Jones et al. 2009,0.356,Campbell et al. 2007,2.95,Pontzer and Kamilar 2006,4.3817,,,,,,,,,,,
Cebus_xanthosternos,Cebidae,Cebus,xanthosternos,66.09,64,Isler et al 2008,2714.3,2166.7,1.253,Isler et al 2008,,,,,,,,,,,,,,,,,,,,,,,,,,,,,,,,,
Propithecus_verreauxi,Indriidae,Propithecus,verreauxi,26.21,24.92,Isler et al 2008,2930,2980,0.983,Isler et al 2008,5,1.7,2.8,1.65,van Schaik et al. 1999; Kappeler and Pereira 2003; Nunn & van Schaik 2000,365,148,177.83,247.2,1.02,Jones et al. 2009,-22.63,581.3,23.5,800.5,1657.3,Jones et al. 2009,0.03,Jones et al. 2009,0.85,Pontzer and Kamilar 2006,4.3491,24,65,0,,1.061,Plavcan & Ruff 2008,,,,3.8,Sussman et al. 2005
Chiropotes_satanas,Pitheciidae,Chiropotes,satanas,48.33,47.51,Isler et al 2008,3100,2960,1.047,Isler et al 2008,18.5,1.5,9,6,"Norconk 1996	Peetz 2001",,160,,235.2,1,Jones et al. 2009,,,,,,,2.25,"van Roosmalen et al. 1981	Ayres 1981",2.5,"van Roosmalen et al. 1981	Ayres 1981",1.477,15.45,8.17,0.5,Campbell et al. 2007,1.155,Plavcan & Ruff 2008,,,,,
Cacajao_melanocephalus,Pitheciidae,Cacajao,melanocephalus,68.77,64.93,Isler et al 2008,3160,2710,1.166,Isler et al 2008,,,,,,,,,216,1,Jones et al. 2009,0.53,2310.2,25.1,1581,1597.1,Jones et al. 2009,,,,,,28.8,4,2,Campbell et al. 2007,,,,,,,
Cebus_albifrons,Cebidae,Cebus,albifrons,65.45,63.24,Isler et al 2008,3180,2290,1.389,Isler et al 2008,25.1,3.8,6.5,1.71,van Schaik et al. 1999; Kappeler and Pereira 2003; Nunn & van Schaik 2000,547.5,158,270.32,528,1.01,Jones et al. 2009,-0.82,1929.9,25.3,1466.7,1559.7,Jones et al. 2009,0.53,Jones et al. 2009,1.8,Nunn et al. 2003,2.1912,24.6,20,10,Nunn et al 2003; Kappeler & Pereira 2003,,,,,,,
Cebus_olivaceus,Cebidae,Cebus,olivaceus,69.84,68.38,Isler et al 2008,3229.2,2633.3,1.226,Isler et al 2008,21,3.5,6.9,1.97,Garber et al. 2008,792.05,162,725.86,492,1.01,Jones et al. 2009,4.78,1555.2,24.9,1476.6,1703.1,Jones et al. 2009,1.7,Jones et al. 2009,2.3,Pontzer and Kamilar 2006,1.5633,48,8,36,Kamilar 2006,1.573,Plavcan 2001,,,,1.7,Sussman et al. 2005
Cebus_capucinus,Cebidae,Cebus,capucinus,72.93,72.12,Isler et al 2008,3285.8,2436.5,1.349,Isler et al 2008,16.4,3.4,5,1.47,Garber et al. 2008,790.83,162,514.07,657.6,1.01,Jones et al. 2009,8.74,2165.7,24.1,1382.2,1667,Jones et al. 2009,0.35,Jones et al. 2009,2,Nunn et al. 2003,2.996,47.5,6.5,14.6,Kamilar 2006; Kappeler & Pereira 2003,1.582,Plavcan & Ruff 2008,24.4,14.9,38.73,10,Kamilar 2006
Cebus_apella,Cebidae,Cebus,apella,66.63,64.32,Isler et al 2008,3382.8,2489.1,1.359,Isler et al 2008,12.9,3.6,4.9,1.36,van Schaik et al. 1999; Kappeler and Pereira 2003; Nunn & van Schaik 2000,657,158,263.12,541.2,1.05,Jones et al. 2009,-10.77,1541.9,24.1,1291.8,1516.9,Jones et al. 2009,0.88,Jones et al. 2009,2.1,Nunn et al. 2003,1.9839,52,10,20,Nunn et al 2003; Kappeler & Pereira 2003,1.455,Plavcan & Ruff 2008,52.7,,,9.9,Kamilar 2006; Sussman et al. 2005
Propithecus_tattersalli,Indriidae,Propithecus,tattersalli,,,,3390,3590,0.944,Smith and Jungers 1997,4.1,,,0.83,Kappeler 1997,,,152.13,240,,Jones et al. 2009,-13.08,1044.9,25.2,1149,1476,Jones et al. 2009,0.06,Jones et al. 2009,,,,46.2,38.7,0,Irwin 2006,,,,,,,
Propithecus_deckenii,Indriidae,Propithecus,deckenii,30.15,28.95,Isler et al 2008,3430,3633.3,0.944,Isler et al 2008,4,,,,Kamilar 2006,,,,,,,,,,,,,,,,,,,,,,,,,,,,
Cacajao_calvus,Pitheciidae,Cacajao,calvus,76,74.3,Isler et al 2008,3450,2880,1.198,Isler et al 2008,48,16,16,1,"Ayres 1986	 1989",775.62,182,339.29,324,1.01,Jones et al. 2009,-5.73,2118.6,25.5,1516,1535.6,Jones et al. 2009,5.25,"Ayres 1986	 1989",3.75,Campbell et al. 2007,1.4504,18.4,3.3,5.2,Campbell et al. 2007; Kappeler & Pereira 2003,1.255,Plavcan & Ruff 2008,,,,,
Cercopithecus_erythrotis,Cercopithecidae,Cercopithecus,erythrotis,65.4,,Isler et al 2008,3600,2900,1.241,Isler et al 2008,,,,,,,,,,,,,,,,,,,,,,,,,,,1.759,Plavcan & Ruff 2008,,,,,
Varecia_rubra,Lemuridae,Varecia,rubra,31.08,31.08,Isler et al 2008,3600,3340,1.078,Isler et al 2008,4.19,,,,Kamilar 2006,,,,,,,,,,,,,,,,,,86,4,0,Campbell et al. 2007,,,,,,,
Varecia_variegata,Lemuridae,Varecia,variegata,32.12,31.17,Isler et al 2008,3630,3520,1.031,Isler et al 2008,2.8,2.5,1.42,0.57,van Schaik et al. 1999; Kappeler and Pereira 2003,365,99,90.73,384,2.16,Jones et al. 2009,-19.18,1885.8,19.9,1351.4,1564,Jones et al. 2009,1.39,Jones et al. 2009,1.021,Pontzer and Kamilar 2006,0.7675,90,6,0,Campbell et al. 2007,1.038,Plavcan & Ruff 2008,26.78,13.2,53.03,3.5,Kamilar 2006
Propithecus_coquereli,Indriidae,Propithecus,coquereli,30.19,,Isler et al 2008,3700,3757,0.985,Isler et al 2008,5.5,,,1.45,Kappeler 1997,365,140.99,180.96,,1,Jones et al. 2009,-15.49,1347.9,25.1,982.6,1753,Jones et al. 2009,,,,,,,,,,,,,,,,
Cercopithecus_wolfi,Cercopithecidae,Cercopithecus,wolfi,61.45,57.2,Isler et al 2008,3910,2870,1.362,Isler et al 2008,,,,,,,,,,,,,,,,,,,,,,,,,,,1.883,Plavcan & Ruff 2008,,,,,
Macaca_ochreata,Cercopithecidae,Macaca,ochreata,,,,4200,2600,1.615,Isler et al 2008,,,,,,,,,348,,Jones et al. 2009,,,,,,,,,,,,,,,,,,,,,,
Cercopithecus_pogonias,Cercopithecidae,Cercopithecus,pogonias,59.56,56.56,Isler et al 2008,4260,2900,1.469,Isler et al 2008,13,1,5,5,Hill & Lee 1998,730,165,,289.2,1.01,Jones et al. 2009,1.53,1460.5,24.5,1269.6,1538.7,Jones et al. 2009,1.15,Jones et al. 2009,1.75,Pontzer and Kamilar 2006,1.4462,74.5,4,11.5,Campbell et al. 2007,1.652,Plavcan & Ruff 2008,,,,,
Cercopithecus_cephus,Cercopithecidae,Cercopithecus,cephus,65.26,61.69,Isler et al 2008,4290,2880,1.49,Isler et al 2008,8,1,3,3,Hill & Lee 1998,821,172,362.93,276,1.01,Jones et al. 2009,-0.42,1498.7,24.4,1299.9,1499.8,Jones et al. 2009,0.24,Jones et al. 2009,,,,72.5,8.5,11,Campbell et al. 2007,1.702,Plavcan & Ruff 2008,,,,,
Cercopithecus_petaurista,Cercopithecidae,Cercopithecus,petaurista,55.08,52.07,Isler et al 2008,4300,2918.2,1.474,Isler et al 2008,11.3,1.16,5.67,4.89,Kamilar 2006,,,,228,1.02,Jones et al. 2009,8.93,1677.7,25.9,1205.3,1560,Jones et al. 2009,,,,,,33.6,39.7,12.3,Kamilar 2006,1.777,Plavcan & Ruff 2008,34.3,25.6,23.8,5.4,Kamilar 2006
Chlorocebus_aethiops,Cercopithecidae,Chlorocebus,aethiops,65,59,Isler et al 2008,4400,3039,1.448,Isler et al 2008,19.5,4.1,7.7,1.88,van Schaik et al. 1999; Kappeler and Pereira 2003; Nunn & van Schaik 2000,357,162,182,369.6,1,Jones et al. 2009,,,,,,,,,1.2,Nunn et al. 2003,,10.6,14.3,15.4,Campbell et al. 2007,1.583,Plavcan & Ruff 2008,34,21.13,25.63,13.63,Kamilar 2006
Cercopithecus_campbelli,Cercopithecidae,Cercopithecus,campbelli,57.39,54.39,Isler et al 2008,4500,2700,1.667,Isler et al 2008,14,1,4,4,Nunn & van Schaik 2000,,180,362.93,396,1.02,Jones et al. 2009,8.53,2266.7,25.3,1144.2,1505.2,Jones et al. 2009,0.01,Jones et al. 2009,,,,46.3,8.4,33.1,Kamilar 2006,,,31.5,28,18,5.2,Kamilar 2006
Cercopithecus_ascanius,Cercopithecidae,Cercopithecus,ascanius,59.58,54.9,Isler et al 2008,4527.6,2901,1.561,Isler et al 2008,28.8,1,8.5,8.5,van Schaik et al. 1999; Kappeler and Pereira 2003; Nunn & van Schaik 2000,1580.45,147,146.54,339.6,1.01,Jones et al. 2009,-2.71,1310.1,23.7,1302.5,1551.8,Jones et al. 2009,0.16,Jones et al. 2009,1.5,Nunn et al. 2003,3.3233,54.8,14.2,23.3,Campbell et al. 2007,1.56,Plavcan & Ruff 2008,34,17,10,,Kamilar 2006
Procolobus_verus,Cercopithecidae,Procolobus,verus,52.6,51.63,Isler et al 2008,4700,4200,1.119,Isler et al 2008,,2,3.3,1.65,Nunn & van Schaik 2000,,167.84,,,1.02,Jones et al. 2009,7,1868.9,25.3,1312.8,1560.7,Jones et al. 2009,0.56,Korstjens 2001,1.212,Korstjens 2001,1.4353,13.5,79.5,,Campbell et al. 2007,2.005,Plavcan & Ruff 2008,,,,6.7,Sussman et al. 2005
Cercopithecus_mona,Cercopithecidae,Cercopithecus,mona,61.84,57.75,Isler et al 2008,4705,2733,1.722,Isler et al 2008,4.8,1,1.9,1.9,van Schaik et al. 1999; Kappeler and Pereira 2003; Nunn & van Schaik 2000,,,,360,1,Jones et al. 2009,,,,,,,,,,,,,,,,1.9,Plavcan & Ruff 2008,,,,,
Chlorocebus_sabaeus,Cercopithecidae,Chlorocebus,sabaeus,64.91,59.39,Isler et al 2008,4923.6,3700,1.331,Isler et al 2008,,,,,,,,,,,,,,,,,,,,,,,,,,,,,,,,,
Macaca_fascicularis,Cercopithecidae,Macaca,fascicularis,63.98,62.14,Isler et al 2008,4984.2,3517.9,1.417,Isler et al 2008,27.5,4.7,10.6,2.26,van Schaik et al. 1999; Kappeler and Pereira 2003; Nunn & van Schaik 2000,398.45,165,283.53,456,1,Jones et al. 2009,4.13,2190.5,24.9,1553.1,1719.8,Jones et al. 2009,0.46,Jones et al. 2009,1.5,Nunn et al. 2003,1.96,76.8,9.4,4,Campbell et al. 2007,2.258,Plavcan & Ruff 2008,18.5,36.9,42.9,1.5,Kamilar 2006
Chlorocebus_pygerythrus,Cercopithecidae,Chlorocebus,pygerythrus,62.58,59.42,Isler et al 2008,5071.2,3575.8,1.418,Isler et al 2008,,,,,,,,,,,,,,,,,,,,,,,,,,,,,,,,,
Cercopithecus_diana,Cercopithecidae,Cercopithecus,diana,62.61,55.15,Isler et al 2008,5200,3900,1.333,Isler et al 2008,24,1,7,7,Hill & Lee 1998,365,,362.93,447.6,1.01,Jones et al. 2009,6.65,2375.7,24.8,1328.4,1541.7,Jones et al. 2009,1.25,Jones et al. 2009,1.6,Nunn et al. 2003,1.2683,58.5,15.8,15.9,Kamilar 2006,1.618,Plavcan & Ruff 2008,28.1,27.7,24.4,7.3,Kamilar 2006
Propithecus_edwardsi,Indriidae,Propithecus,edwardsi,39.49,40.24,Isler et al 2008,5468.8,5895,0.928,Isler et al 2008,4.6,1.46,1.44,0.99,Pochron et al. 2004,,,,,,,-21.39,1672.6,18.3,1329,1496.3,Jones et al. 2009,4,Campbell et al. 2007,,,,30.4,28.2,0,Irwin 2006,,,,,,,
Cercopithecus_hamlyni,Cercopithecidae,Cercopithecus,hamlyni,65.9,58.8,Isler et al 2008,5490,3360,1.634,Isler et al 2008,,,,,,,,,343.2,,Jones et al. 2009,,,,,,,,,,,,,,,,,,,,,,
Hylobates_pileatus,Hylobatidae,Hylobates,pileatus,84.69,83.83,Isler et al 2008,5500,5440,1.011,Isler et al 2008,,1,1,1,Nunn & van Schaik 2000,,228,635.13,432,1,Jones et al. 2009,12.92,1576,26,1202.4,1711.5,Jones et al. 2009,0.23,Jones et al. 2009,1.3,Campbell et al. 2007,2.4023,67.5,20,11,Campbell et al. 2007,0.993,Plavcan & Ruff 2008,,,,,
Hylobates_muelleri,Hylobatidae,Hylobates,muelleri,85.13,86.95,Isler et al 2008,5632.3,6010.3,0.937,Isler et al 2008,,,,,,1095,206.7,,684,1.02,Jones et al. 2009,1.13,2665.3,24,1679.4,1707.8,Jones et al. 2009,0.26,Jones et al. 2009,0.9,Leighton 1987,1.5642,62,32,2,Campbell et al. 2007; Kappeler & Pereira 2003,,,,,,4,Sussman et al. 2005
Hylobates_klossii,Hylobatidae,Hylobates,klossii,87.99,90.55,Isler et al 2008,5670,5920,0.958,Isler et al 2008,,0.9,1,1.11,Nunn & van Schaik 2000,,213,335,444,1,Jones et al. 2009,,,,,,,0.32,Whitten 1984,1.5,Whitten 1984,2.35,72,2,26,Whitten 1984; Kappeler & Pereira 2003,0.966,Plavcan & Ruff 2008,,,,,
Macaca_sinica,Cercopithecidae,Macaca,sinica,69.7,66,Isler et al 2008,5680,3200,1.775,Isler et al 2008,24.5,2.7,6.2,2.3,van Schaik et al. 1999; Kappeler and Pereira 2003; Nunn & van Schaik 2000,547.5,152,396,420,1.01,Jones et al. 2009,7.87,1416.7,25.8,1536.7,1630.1,Jones et al. 2009,0.4,Jones et al. 2009,,,,97,23,2,Nunn et al 2003,1.977,Plavcan & Ruff 2008,46,10,34,,Ashmore 1992
Alouatta_guariba,Atelidae,Alouatta,guariba,51.7,49.08,Isler et al 2008,5800,4550,1.275,Isler et al 2008,6.53,1.37,2.2,1.61,Campbell et al 2007,,,,,,,-21.13,1332.3,19.6,1225.7,1332.2,Jones et al. 2009,0.03,Jones et al. 2009,,,,5.2,73,0,Campbell et al. 2007,1.783,Plavcan & Ruff 2008,18.33,14.33,64.37,3,Campbell et al. 2007
Piliocolobus_kirkii,Cercopithecidae,Piliocolobus,kirkii,57.25,55.5,Isler et al 2008,5800,5460,1.062,Isler et al 2008,32.4,2.6,13.45,5.17,Kamilar 2006,,,,,1.01,Jones et al. 2009,,,,,,,0.326,Siex 2003; Mturi 1993,1.044,"Mturi 1991	 199;",1.6205,21,64.5,0,Campbell et al. 2007,2.526,Plavcan & Ruff 2008,45.5,29,9,11,Campbell et al. 2007
Hylobates_lar,Hylobatidae,Hylobates,lar,101.87,100.49,Isler et al 2008,5809.2,5380.9,1.08,Isler et al 2008,3.3,1,1,1,van Schaik et al. 1999; Nunn & van Schaik 2000,983.67,217,725.86,480,1.01,Jones et al. 2009,13.68,1727.4,23,1278.1,1612.3,Jones et al. 2009,0.32,Jones et al. 2009,1.6,Nunn et al. 2003,2.5066,64,24.7,9.7,Campbell et al. 2007; Kappeler & Pereira 2003,1.16,Plavcan & Ruff 2008,33.87,23.33,33.1,7.57,Kamilar 2006
Indri_indri,Indriidae,Indri,indri,34.81,34.14,Isler et al 2008,5830,6840,0.852,Isler et al 2008,3.2,1,1,1,van Schaik et al. 1999; Nunn & van Schaik 2000,912.5,136.5,331.34,,1.01,Jones et al. 2009,-17.23,1871.1,20,1342.6,1594.8,Jones et al. 2009,0.12,Jones et al. 2009,0.25,Pontzer and Kamilar 2006,0.6396,43,57,,,0.996,Plavcan & Ruff 2008,42,3,50,1.5,Powzyk 1997
Hylobates_agilis,Hylobatidae,Hylobates,agilis,91.16,90.93,Isler et al 2008,5880,5820,1.01,Isler et al 2008,,1,1,1,Nunn & van Schaik 2000,1138,,724,528,1.02,Jones et al. 2009,0.16,2398,25.4,1743.6,1792,Jones et al. 2009,0.29,Gittins 1982,1.3,Gittins 1982,2.1394,58,39,1,Gittins 1982; Kappeler & Pereira 2003,,,,,,,
Cercopithecus_lhoesti,Cercopithecidae,Cercopithecus,lhoesti,74.2,67.3,Isler et al 2008,5970,3450,1.73,Isler et al 2008,,,,,,485.45,,,192,1,Jones et al. 2009,-1.13,1271.3,22.6,1418.5,1597.6,Jones et al. 2009,,,,,,24.5,35.2,8.8,Campbell et al. 2007,1.84,Plavcan & Ruff 2008,,,,11.4,Sussman et al. 2005
Macaca_cyclopis,Cercopithecidae,Macaca,cyclopis,82,73,Isler et al 2008,6000,4940,1.215,Isler et al 2008,,,,,,,,,,,,,,,,,,,,,,,53.8,29.1,9.8,Campbell et al. 2007,,,,,,,
Propithecus_diadema,Indriidae,Propithecus,diadema,39.8,40.51,Isler et al 2008,6050,6210,0.974,Isler et al 2008,5.38,1,1.25,1.25,Irwin 2006,745.2,157,256.27,,1.01,Jones et al. 2009,-17,1838.3,19.8,1343.2,1613.8,Jones et al. 2009,0.21,Jones et al. 2009,,,,15.1,48.8,0,Irwin 2006,0.88,Plavcan & Ruff 2008,25,23,47,5,Kamilar 2006; Sussman et al. 2005
Allenopithecus_nigroviridis,Cercopithecidae,Allenopithecus,nigroviridis,58.02,53.7,Isler et al 2008,6130,3180,1.928,Isler et al 2008,,,,,,,,106.15,276,1.01,Jones et al. 2009,-0.17,1574,25.2,1517.8,1589.4,Jones et al. 2009,,,,,,,,,,2.21,Plavcan & Ruff 2008,,,,,
Macaca_radiata,Cercopithecidae,Macaca,radiata,74.87,69.38,Isler et al 2008,6312.5,3855.7,1.637,Isler et al 2008,30,8,9.7,1.21,Hill & Lee 1998,365,161,332.25,360,1.01,Jones et al. 2009,14.59,937.4,26.5,844.9,1589.6,Jones et al. 2009,0.88,Jones et al. 2009,1.75,Pontzer and Kamilar 2006,1.6533,,,,,,,,,,,
Macaca_leonina,Cercopithecidae,Macaca,leonina,85.6,82.12,Isler et al 2008,6520.5,4762.7,1.369,Isler et al 2008,,,,,,,,,,,,,,,,,,,,,,,,,,,,,,,,,
Alouatta_caraya,Atelidae,Alouatta,caraya,52.63,47.8,Isler et al 2008,6525,4240,1.539,Isler et al 2008,8,2.3,3.3,1.43,van Schaik et al. 1999; Kappeler and Pereira 2003; Nunn & van Schaik 2000,337.62,187,323.16,243.6,1.01,Jones et al. 2009,-20.34,1166.4,22.9,1193.1,1404.9,Jones et al. 2009,,,0.4,Nunn et al. 2003,,23.8,67.7,0,Campbell et al. 2007,1.542,Plavcan & Ruff 2008,15.9,17.6,61.6,4.9,Campbell et al. 2007
Presbytis_melalophos,Cercopithecidae,Presbytis,melalophos,64.85,59.21,Isler et al 2008,6554.3,6566.6,0.998,Isler et al 2008,14.5,1,6,6,Hill & Lee 1998,,,,192,1.01,Jones et al. 2009,-3.33,2785,24.7,1828.3,1857.8,Jones et al. 2009,0.12,Jones et al. 2009,0.88,Pontzer and Kamilar 2006,2.2513,,,,,1.712,Plavcan & Ruff 2008,,,,,
Hylobates_moloch,Hylobatidae,Hylobates,moloch,,,,6580,6250,1.053,Smith and Jungers 1997,,,,,,730,243,724,540,1,Jones et al. 2009,-7,2119.1,23.8,1601.1,1755.4,Jones et al. 2009,0.12,Jones et al. 2009,1.4,Kappeler 1984,3.5816,61,38,0,Campbell et al. 2007,,,,,,,
Cercopithecus_nictitans,Cercopithecidae,Cercopithecus,nictitans,71.13,67.52,Isler et al 2008,6670,4260,1.566,Isler et al 2008,13,1,5,5,Hill & Lee 1998,719,172,,276,1,Jones et al. 2009,1.69,1482.7,24.7,1267.2,1553.9,Jones et al. 2009,1.15,Jones et al. 2009,1.5,Pontzer and Kamilar 2006,1.2396,75.6,14.3,4,Kamilar 2006,1.613,Plavcan & Ruff 2008,,,,,
Presbytis_comata,Cercopithecidae,Presbytis,comata,80.3,59,Isler et al 2008,6680,6710,0.996,Isler et al 2008,6,1.2,1.4,1.17,Hill & Lee 1998,,,,,1,Jones et al. 2009,-6.77,2178.5,24.4,1588.5,1752.7,Jones et al. 2009,0.38,Ruhiyat 1983; Rodman 1978,0.5,Pontzer and Kamilar 2006,0.7188,14.2,65,,Campbell et al. 2007,1.508,Plavcan & Ruff 2008,,,,,
Alouatta_seniculus,Atelidae,Alouatta,seniculus,55.22,54.26,Isler et al 2008,6690,5210,1.284,Isler et al 2008,7.1,1.7,2.2,1.29,van Schaik et al. 1999; Kappeler and Pereira 2003; Nunn & van Schaik 2000,507.35,190,370.04,300,1.42,Jones et al. 2009,0.68,1823.4,25.1,1449.8,1574.9,Jones et al. 2009,0.1,Jones et al. 2009,0.55,Nunn et al. 2003,1.5414,40,48.1,0,Campbell et al. 2007,1.464,Plavcan & Ruff 2008,12.7,6.2,78.5,2.5,Campbell et al. 2007
Trachypithecus_cristatus,Cercopithecidae,Trachypithecus,cristatus,57.86,54.98,Isler et al 2008,6728.1,6059.7,1.11,Isler et al 2008,32.4,1,15.6,15.6,van Schaik et al. 1999; Kappeler and Pereira 2003; Nunn & van Schaik 2000,,,362.93,373.2,1.01,Jones et al. 2009,0.54,2428.6,25,1682.1,1747.3,Jones et al. 2009,0.12,Jones et al. 2009,0.35,Nunn et al. 2003,0.8954,,91,0,Nunn et al 2003,1.697,Plavcan & Ruff 2008,,,,,
Cercopithecus_solatus,Cercopithecidae,Cercopithecus,solatus,,,,6890,3920,1.758,Smith and Jungers 1997,,,,,,547.5,,,,1.01,Jones et al. 2009,-0.8,1734.9,24.8,1278.6,1502.7,Jones et al. 2009,,,,,,,,,,,,,,,,
Cercopithecus_albogularis,Cercopithecidae,Cercopithecus,albogularis,70.1,66.16,Isler et al 2008,6977.7,4261.9,1.637,Isler et al 2008,,,,,,,,,,,,,,,,,,,,,,,,,,,,,,,,,
Bunopithecus_hoolock,Hylobatidae,Bunopithecus,hoolock,110.68,105.78,Isler et al 2008,7106.5,6350,1.119,Isler et al 2008,,,,,,1080,232.5,635.13,492,1.01,Jones et al. 2009,23.44,1536,17.5,1095.2,1318.7,Jones et al. 2009,0.413,"Islam and Feeroz 1992; Ahsan 2001	 Chivers 2001",1.26,Campbell et al. 2007,1.7376,79,10.3,2,Campbell et al. 2007,1.03,Plavcan & Ruff 2008,,,,,
Alouatta_palliata,Atelidae,Alouatta,palliata,49.88,48.04,Isler et al 2008,7150,5350,1.336,Isler et al 2008,12,2.9,6.3,2.17,van Schaik et al. 1999; Kappeler and Pereira 2003; Nunn & van Schaik 2000,684.37,186,495.6,300,1.02,Jones et al. 2009,6.95,1852.6,23.7,1300,1633.9,Jones et al. 2009,0.19,Jones et al. 2009,0.32,Nunn et al. 2003,0.6506,33.1,56.4,0,Campbell et al. 2007,1.703,Plavcan & Ruff 2008,17.94,12.32,66.14,3.64,Campbell et al. 2007
Alouatta_belzebul,Atelidae,Alouatta,belzebul,52.84,51.19,Isler et al 2008,7270,5520,1.317,Isler et al 2008,7,1,1,1,Campbell et al 2007,,,,,,,-6.8,1643.5,24.9,1286.6,1549.8,Jones et al. 2009,,,,,,57.3,19.1,0,Campbell et al. 2007,1.811,Plavcan & Ruff 2008,13.75,18.75,57.3,10,Campbell et al. 2007
Lagothrix_lagotricha,Atelidae,Lagothrix,lagotricha,96.5,98,Isler et al 2008,7280,7020,1.037,Isler et al 2008,33.1,7.3,8.2,1.12,van Schaik et al. 1999; Kappeler and Pereira 2003; Nunn & van Schaik 2000,638.75,223,312.66,360,1.01,Jones et al. 2009,0.02,2265.6,25.8,1516.9,1543.4,Jones et al. 2009,2.82,Jones et al. 2009,1.1,Nunn et al. 2003,0.5805,78.9,11.4,4.9,Campbell et al. 2007; Kappeler & Pereira 2003,1.77,Plavcan & Ruff 2008,25.8,38.8,29.9,5.5,Campbell et al. 2007
Trachypithecus_obscurus,Cercopithecidae,Trachypithecus,obscurus,62.12,59.97,Isler et al 2008,7346.9,6764.8,1.086,Isler et al 2008,10.2,2.5,7,2.8,van Schaik et al. 1999; Kappeler and Pereira 2003; Nunn & van Schaik 2000,,145,362.93,300,1.01,Jones et al. 2009,6.82,2019.8,25.5,1624.5,1834.8,Jones et al. 2009,0.33,Curtin 1976; 1980,0.48,Nunn et al. 2003,0.7405,35,58,,Campbell et al. 2007,1.814,Plavcan & Ruff 2008,,,,,
Cercopithecus_neglectus,Cercopithecidae,Cercopithecus,neglectus,65.97,60.86,Isler et al 2008,7350,4130,1.78,Isler et al 2008,4.5,1.5,1.5,1,Kamilar 2006,584,177,417.62,315.6,1.02,Jones et al. 2009,-1.11,1382.9,24.1,1329.5,1559.7,Jones et al. 2009,0.06,Jones et al. 2009,0.42,Nunn et al. 2003,1.5196,74.4,9.1,4.7,Campbell et al. 2007,1.776,Plavcan & Ruff 2008,,,,,
Trachypithecus_vetulus,Cercopithecidae,Trachypithecus,vetulus,61.29,60.4,Isler et al 2008,7371,5103,1.444,Isler et al 2008,7.9,1,3.8,3.8,van Schaik et al. 1999; Kappeler and Pereira 2003; Nunn & van Schaik 2000,783.83,211,245.78,276,1.01,Jones et al. 2009,8.03,1434.1,25.8,1544.4,1644.5,Jones et al. 2009,0.02,Jones et al. 2009,,,,28,60,,Campbell et al. 2007,1.791,Plavcan & Ruff 2008,,,,,
Nomascus_gabriellae,Hylobatidae,Nomascus,gabriellae,119.38,117.25,Isler et al 2008,7410,7320,1.012,Isler et al 2008,,,,,,,,,,,,,,,,,,,,,,,,,,,,,,,,,
Cercopithecus_mitis,Cercopithecidae,Cercopithecus,mitis,71.33,65.24,Isler et al 2008,7590.6,4628,1.64,Isler et al 2008,18.6,1,8.8,8.8,van Schaik et al. 1999; Kappeler and Pereira 2003; Nunn & van Schaik 2000,565.75,132,688.08,325.2,1,Jones et al. 2009,-1.9,1090.8,22.1,1116.2,1528.5,Jones et al. 2009,0.1,Jones et al. 2009,1,Nunn et al. 2003,2.8025,51.6,20.4,17.5,Campbell et al. 2007,1.97,Plavcan & Ruff 2008,39.7,19.4,27.6,9.5,Kamilar 2006
Trachypithecus_phayrei,Cercopithecidae,Trachypithecus,phayrei,72.84,69.15,Isler et al 2008,7767.8,7182,1.082,Isler et al 2008,,,,,,456.25,167,305.87,339.6,1,Jones et al. 2009,20.48,1458.7,21.3,1055.7,1419.1,Jones et al. 2009,0.958,Suarez pers comm,1,Pontzer and Kamilar 2006,0.9054,37,46,,Suarez pers comm,,,,,,,
Ateles_geoffroyi,Atelidae,Ateles,geoffroyi,105.09,109.59,Isler et al 2008,7780,7290,1.067,Isler et al 2008,15,,4.1,,van Schaik et al. 1999; Kappeler and Pereira 2003; Nunn & van Schaik 2000,1048.15,232,816.35,327.6,1.01,Jones et al. 2009,12.38,1539.3,24.3,1344.1,1624.9,Jones et al. 2009,0.73,Jones et al. 2009,1.7,Nunn et al. 2003,1.7633,76.8,14.9,1.4,Campbell et al. 2007,1.579,Plavcan & Ruff 2008,33.5,32.6,24.1,9.8,Campbell et al. 2007
Nomascus_concolor,Hylobatidae,Nomascus,concolor,,,,7790,7620,1.022,Smith and Jungers 1997,,,,,,821.25,207,635.13,529.2,1.01,Jones et al. 2009,22.7,1196.2,17.3,1062.3,1242.1,Jones et al. 2009,0.87,Campbell et al. 2007,1.3,Campbell et al. 2007,1.2352,22.5,63,7,Campbell et al. 2007; Kappeler & Pereira 2003,1.125,Plavcan & Ruff 2008,,,,,
Lophocebus_aterrimus,Cercopithecidae,Lophocebus,aterrimus,101.59,91,Isler et al 2008,7840,5760,1.361,Isler et al 2008,,,,,,,,,321.6,,Jones et al. 2009,-1.65,1578.1,25.1,1520.1,1594.9,Jones et al. 2009,0.34,Jones et al. 2009,,,,,,,,1.897,Plavcan & Ruff 2008,,,,,
Ateles_belzebuth,Atelidae,Ateles,belzebuth,117.02,112.75,Isler et al 2008,7850,8484.4,0.925,Isler et al 2008,22.125,4.25,8.75,2.06,Campbell et al 2007,1095,184,,336,1.02,Jones et al. 2009,-0.44,2270.1,25.8,1493.3,1513,Jones et al. 2009,2.28,Jones et al. 2009,2.3,Pontzer and Kamilar 2006,1.3499,82.7,9,0.4,Campbell et al. 2007,,,18.97,23.53,54.73,2.73,Campbell et al. 2007
Lophocebus_albigena,Cercopithecidae,Lophocebus,albigena,93.97,89.96,Isler et al 2008,7890,6010,1.313,Isler et al 2008,15.8,4.3,7.8,1.81,van Schaik et al. 1999; Kappeler and Pereira 2003; Nunn & van Schaik 2000,770.15,181,211.71,392.4,1.01,Jones et al. 2009,0.22,1416.8,23.8,1349.5,1566.9,Jones et al. 2009,1.98,Jones et al. 2009,1.2,Nunn et al. 2003,0.7558,64,5,14,Nunn et al 2003; Kappeler & Pereira 2003,2.187,Plavcan & Ruff 2008,37.5,27.5,12,6.25,Kamilar 2006
Macaca_mulatta,Cercopithecidae,Macaca,mulatta,88.98,84.26,Isler et al 2008,7915.1,5670.5,1.396,Isler et al 2008,40.7,4.5,23.8,5.29,van Schaik et al. 1999; Kappeler and Pereira 2003; Nunn & van Schaik 2000,385.5,165,304.16,432,1.01,Jones et al. 2009,25.07,1173.6,16.9,902.2,1218,Jones et al. 2009,5.91,Jones et al. 2009,1.6,Nunn et al. 2003,0.5833,8.5,84.4,0,Campbell et al. 2007,2.072,Plavcan & Ruff 2008,46,11.5,25,,Ashmore 1992
Piliocolobus_badius,Cercopithecidae,Piliocolobus,badius,63.59,62.46,Isler et al 2008,8360,8210,1.018,Isler et al 2008,49.4,9.4,18,1.91,Kamilar 2006,660.65,151.41,783.93,,1,Jones et al. 2009,9.69,1614.6,26.1,1122.4,1554.7,Jones et al. 2009,0.42,Jones et al. 2009,0.55,Nunn et al. 2003,0.7521,35,45,0,Campbell et al. 2007,1.557,Plavcan & Ruff 2008,52,21,13,13,Campbell et al. 2007
Colobus_vellerosus,Cercopithecidae,Colobus,vellerosus,73.07,69.73,Isler et al 2008,8420,7220,1.166,Isler et al 2008,,,,,,,,,,1.02,Jones et al. 2009,7.44,1067.2,26.8,1173.1,1620.5,Jones et al. 2009,0.29,Jones et al. 2009,,,,,,,,,,59,24,15,3,Campbell et al. 2007
Ateles_paniscus,Atelidae,Ateles,paniscus,103.85,101.2,Isler et al 2008,8490,8070,1.052,Isler et al 2008,18.2,4,2.3,0.58,van Schaik et al. 1999; Kappeler and Pereira 2003; Nunn & van Schaik 2000,1072.18,229,805.41,453.6,1,Jones et al. 2009,2.06,1576.9,25.6,1456.6,1696.9,Jones et al. 2009,1.36,Jones et al. 2009,2.4,Nunn et al. 2003,1.8238,79.8,7.9,0.1,Campbell et al. 2007,1.567,Plavcan & Ruff 2008,,,,0.9,Sussman et al. 2005
Ateles_fusciceps,Atelidae,Ateles,fusciceps,114.24,108.74,Isler et al 2008,8890,9160,0.971,Isler et al 2008,,,,,,882,227,410,552,1,Jones et al. 2009,,,,,,,,,,,,,,,,,,,,,,
Macaca_silenus,Cercopithecidae,Macaca,silenus,85,80,Isler et al 2008,8900,6100,1.459,Isler et al 2008,19.6,3.1,7.1,2.29,Nunn and van Schaik - Infanticide Chapt; Ashmore Diss,510.39,176,362.93,480,1.01,Jones et al. 2009,13.19,880.7,25.3,953,1571.9,Jones et al. 2009,0.88,Jones et al. 2009,1.63,Pontzer and Kamilar 2006,1.5399,,,,,2.437,Plavcan & Ruff 2008,,,,4.7,Sussman et al. 2005
Cercocebus_torquatus,Cercopithecidae,Cercocebus,torquatus,105.99,94.98,Isler et al 2008,9470,5500,1.722,Isler et al 2008,26.9,,,,van Schaik et al. 1999,434.35,167,,360,1.01,Jones et al. 2009,4.2,1756.2,25.2,1238.3,1560.8,Jones et al. 2009,,,,Nunn et al. 2003,,,13,2,Nunn et al 2003; Kappeler & Pereira 2003,,,,,,,
Cercocebus_agilis,Cercopithecidae,Cercocebus,agilis,116.43,100.89,Isler et al 2008,9500,5660,1.678,Isler et al 2008,21.5,2,7.5,3.75,Kamilar 2006,,,,372,,Jones et al. 2009,,,,,,,,,,,,75,16,5,Kamilar 2006,1.962,Plavcan & Ruff 2008,34,31,13,10,Kamilar 2006
Piliocolobus_tephrosceles,Cercopithecidae,Piliocolobus,tephrosceles,70.95,72.45,Isler et al 2008,9559.6,7258,1.317,Isler et al 2008,34,3.5,10,2.86,Kamilar 2006,,,,,,,,,,,,,0.65,Struhsaker 1975,0.649,Struhsaker 1975,0.7134,,,,,,,46,35,8.5,8.5,Campbell et al. 2007
Brachyteles_arachnoides,Atelidae,Brachyteles,arachnoides,116.72,115.94,Isler et al 2008,9610,8070,1.191,Isler et al 2008,20.9,7,7.1,1.01,van Schaik et al. 1999; Kappeler and Pereira 2003; Nunn & van Schaik 2000,1028.69,232,734.82,,1.02,Jones et al. 2009,-22.66,1327,21.2,1243.5,1361.2,Jones et al. 2009,1.04,Jones et al. 2009,0.9,Nunn et al. 2003,0.7821,20.8,67.1,0,Campbell et al. 2007; Kappeler & Pereira 2003,1.336,Plavcan & Ruff 2008,27.8,9.7,61,1.6,Campbell et al. 2007
Cercocebus_galeritus,Cercopithecidae,Cercocebus,galeritus,99.07,95.34,Isler et al 2008,9610,5260,1.827,Isler et al 2008,18.2,2,9.5,4.75,van Schaik et al. 1999; Kappeler and Pereira 2003; Nunn & van Schaik 2000,,175,365,252,1.01,Jones et al. 2009,-2.1,539.9,27.4,848.7,1747.6,Jones et al. 2009,0.51,Jones et al. 2009,1.2,Nunn et al. 2003,1.4892,76.6,8.8,8.2,Kamilar 2006,,,41.6,18.4,10.2,12.5,Kamilar 2006
Colobus_guereza,Cercopithecidae,Colobus,guereza,74.39,69.77,Isler et al 2008,9673,7505.6,1.289,Isler et al 2008,12,1.5,2.9,1.93,van Schaik et al. 1999; Kappeler and Pereira 2003; Nunn & van Schaik 2000,486.66,175,387.79,294,1,Jones et al. 2009,5.15,1089.2,23.2,1126.5,1560.5,Jones et al. 2009,0.3,Campbell et al. 2007,0.48,Nunn et al. 2003,0.735,19,73,0,Campbell et al. 2007; Kappeler & Pereira 2003,1.459,Plavcan & Ruff 2008,57.5,21.25,10.25,8.25,Campbell et al. 2007
Colobus_angolensis,Cercopithecidae,Colobus,angolensis,77.7,72.3,Isler et al 2008,9680,7570,1.279,Isler et al 2008,18.25,3.5,7,2,Kamilar 2006,,,,423.6,1.01,Jones et al. 2009,-4.16,1229.1,23.3,1225.3,1538.5,Jones et al. 2009,3.71,Campbell et al. 2007,0.983,Campbell et al. 2007,0.4523,22.6,53.3,0,Campbell et al. 2007; Kappeler & Pereira 2003,1.845,Plavcan & Ruff 2008,37.5,34.5,22,5,Campbell et al. 2007
Macaca_nigra,Cercopithecidae,Macaca,nigra,94.9,84.5,Isler et al 2008,9890,5470,1.808,Isler et al 2008,63.8,5.8,20.2,3.48,Kamilar 2006,540,176,365,408,1,Jones et al. 2009,,,,,,,,,6,Pontzer and Kamilar 2006,,,3,32,Nunn et al 2003,2.612,Plavcan & Ruff 2008,36.2,22.5,19.5,21.7,Kamilar 2006
Colobus_polykomos,Cercopithecidae,Colobus,polykomos,73.83,70.23,Isler et al 2008,9900,8300,1.193,Isler et al 2008,11,4,4,1,Hill & Lee 1998,442.41,185,213.78,366,1,Jones et al. 2009,9.06,1807.6,25.7,1090.5,1514.6,Jones et al. 2009,0.5,Campbell et al. 2007,0.57,Nunn et al. 2003,0.7108,41.5,53.5,0,Campbell et al. 2007; Kappeler & Pereira 2003,1.77,Plavcan & Ruff 2008,61,28,9,1,Campbell et al. 2007
Colobus_satanas,Cercopithecidae,Colobus,satanas,74.9,71.8,Isler et al 2008,10400,7420,1.402,Isler et al 2008,13.5,2.3,6,2.61,Kamilar 2006,,192.76,,,0.99,Jones et al. 2009,1.97,1654.6,24.1,1329.5,1500.3,Jones et al. 2009,2.72,Campbell et al. 2007,0.607,Campbell et al. 2007,0.3262,56,34,0,Campbell et al. 2007; Kappeler & Pereira 2003,,,60,23,4,8.1,Campbell et al. 2007
Trachypithecus_geei,Cercopithecidae,Trachypithecus,geei,81.3,,,10800,9500,1.137,Isler et al 2008,13.3,1.7,5.4,3.18,Hill & Lee 1998,,,,,1.02,Jones et al. 2009,26.79,1479.1,17.6,1040.9,1243.1,Jones et al. 2009,2.22,Jones et al. 2009,,,,,,,,,,,,,,
Macaca_fuscata,Cercopithecidae,Macaca,fuscata,102.92,96.78,Isler et al 2008,10970,8030,1.366,Isler et al 2008,53.7,3.4,17.5,5.15,van Schaik et al. 1999; Kappeler and Pereira 2003; Nunn & van Schaik 2000,486.66,174,265.04,396,1.02,Jones et al. 2009,35.88,1476.6,10.2,792.6,842.5,Jones et al. 2009,1.43,Jones et al. 2009,0.93,Nunn et al. 2003,0.6892,22.9,23.7,7,Campbell et al. 2007,2.04,Plavcan & Ruff 2008,43.3,19.9,20.1,15.2,Kamilar 2006
Cercocebus_torquatus_atys,Cercopithecidae,Cercocebus,torquatus_atys,94.68,86.8,Isler et al 2008,11000,6200,1.774,Isler et al 2008,90,9,25,2.78,Kamilar 2006,394.2,165.08,,321.6,1.01,Jones et al. 2009,7.92,1860.9,25.6,1275.4,1555.3,Jones et al. 2009,,,,,,68,,,Kamilar 2006,2.46,Plavcan & Ruff 2008,29,,,7.9,Kamilar 2006; Sussman et al. 2005
Pygathrix_nemaeus,Cercopithecidae,Pygathrix,nemaeus,91.41,89.5,Isler et al 2008,11000,8440,1.303,Isler et al 2008,9.3,1.3,3.7,2.85,Hill & Lee 1998,430.7,171,330,300,1.01,Jones et al. 2009,16.63,1895.3,22.5,1211.2,1472.1,Jones et al. 2009,,,,,,14,82,,Campbell et al. 2007,2.108,Plavcan & Ruff 2008,,,,,
Macaca_nemestrina,Cercopithecidae,Macaca,nemestrina,105.59,100.65,Isler et al 2008,11102.7,6539.2,1.698,Isler et al 2008,18.2,2.4,14.9,6.21,van Schaik et al. 1999; Kappeler and Pereira 2003; Nunn & van Schaik 2000,405.07,172,292.6,411.6,1.01,Jones et al. 2009,3.04,2449.8,24.7,1680.5,1732.2,Jones et al. 2009,1.75,Jones et al. 2009,1.8,Nunn et al. 2003,1.2059,74.2,11.1,12.2,Campbell et al. 2007,2.36,Plavcan & Ruff 2008,,,,,
Macaca_assamensis,Cercopithecidae,Macaca,assamensis,90.46,88.3,Isler et al 2008,11300,6900,1.638,Isler et al 2008,,,,,,,,,376.8,,,23.01,1475.6,14.2,1020.6,1260,Jones et al. 2009,,,,,,,,,,,,,,,,
Alouatta_pigra,Atelidae,Alouatta,pigra,51.13,48.75,Isler et al 2008,11400,6430,1.773,Isler et al 2008,6.6,1.925,2.175,1.13,Campbell et al 2007,,187,,240,1.01,Jones et al. 2009,18.8,1341.3,25.1,1373.8,1580.8,Jones et al. 2009,0.3,Jones et al. 2009,,,,40.8,45.1,0,Campbell et al. 2007,1.109,Plavcan & Ruff 2008,24.4,9.8,61.9,3.8,Campbell et al. 2007
Symphalangus_syndactylus,Hylobatidae,Symphalangus,syndactylus,123.5,122.45,Isler et al 2008,11880,10710,1.109,Isler et al 2008,4,1,1,1,van Schaik et al. 1999; Nunn & van Schaik 2000,1003.75,231,635.38,456,1.02,Jones et al. 2009,0.14,2267.2,24.2,1676.5,1761,Jones et al. 2009,0.313,Campbell et al. 2007,0.75,Pontzer and Kamilar 2006,1.189,44.2,42.4,9.4,Campbell et al. 2007,1.189,Plavcan & Ruff 2008,35.6,16.8,35.3,5.3,Kamilar 2006
Trachypithecus_johnii,Cercopithecidae,Trachypithecus,johnii,84.6,,,12000,11200,1.071,Isler et al 2008,,1.3,3.1,2.38,Nunn and van Schaik Infanticide,,,,408,1.02,Jones et al. 2009,10.75,1280.4,25.7,1126.2,1577.6,Jones et al. 2009,0.08,Jones et al. 2009,,,,25,52,,Campbell et al. 2007,,,,,,,
Macaca_arctoides,Cercopithecidae,Macaca,arctoides,100.7,99.8,Isler et al 2008,12200,8400,1.452,Isler et al 2008,31.1,,,,Ashmore 1992,558,177,299,350.4,1,Jones et al. 2009,,,,,,,,,1.7,Pontzer and Kamilar 2006,,,,,,,,,,,,
Trachypithecus_pileatus,Cercopithecidae,Trachypithecus,pileatus,103.64,91.41,Isler et al 2008,12247,11340,1.08,Isler et al 2008,7.8,1.05,3.55,3.38,Hill & Lee 1998,,,,302.4,,Jones et al. 2009,24.83,1903.1,20.3,1063.8,1264.7,Jones et al. 2009,0.43,Campbell et al. 2007,0.325,Campbell et al. 2007,0.4392,34,53,,Campbell et al. 2007,1.887,Plavcan & Ruff 2008,,,,,
Erythrocebus_patas,Cercopithecidae,Erythrocebus,patas,97.73,88.86,Isler et al 2008,12400,6500,1.908,Isler et al 2008,28.2,1.5,10.4,6.93,van Schaik et al. 1999; Kappeler and Pereira 2003; Nunn & van Schaik 2000,365,167,211.79,286.8,1.01,Jones et al. 2009,7.97,733.9,26.4,760.4,1596.5,Jones et al. 2009,28.24,Jones et al. 2009,3.2,Nunn et al. 2003,0.5337,10,2,36,Campbell et al. 2007,2.132,Plavcan & Ruff 2008,,,,,
Macaca_sylvanus,Cercopithecidae,Macaca,sylvanus,93.2,97.93,Isler et al 2008,14530.3,9625,1.51,Isler et al 2008,18.2,4.7,7,1.49,van Schaik et al. 1999; Kappeler and Pereira 2003; Nunn & van Schaik 2000,431.71,164,210.25,264,1.02,Jones et al. 2009,34.21,459.3,14.8,453.1,1163.5,Jones et al. 2009,2.63,Jones et al. 2009,1.664,Pontzer and Kamilar 2006,0.9093,2.6,10.9,8.05,Campbell et al. 2007,2.02,Plavcan & Ruff 2008,33.1,21.37,30.73,10.77,Kamilar 2006
Macaca_thibetana,Cercopithecidae,Macaca,thibetana,,,,15200,9500,1.6,Smith and Jungers 1997,38.3,4.5,11,2.44,Ashmore 1992,730,170,451.79,,1.01,Jones et al. 2009,28.38,1198,13,961.2,1031,Jones et al. 2009,,,,,,,,,,,,,,,,
Mandrillus_leucophaeus,Cercopithecidae,Mandrillus,leucophaeus,148,136,Isler et al 2008,17500,12500,1.4,Isler et al 2008,,,,,,513.43,179,486.66,400.8,1.01,Jones et al. 2009,5.21,2032.9,24.3,1219.9,1533.7,Jones et al. 2009,,,,,,,,,,4.1,Plavcan & Ruff 2008,,,,,
Rhinopithecus_roxellana,Cercopithecidae,Rhinopithecus,roxellana,117.76,112.7,Isler et al 2008,17900,11600,1.543,Isler et al 2008,,,,,,,199.34,,354,1,Jones et al. 2009,32.32,734,9,749.4,870.6,Jones et al. 2009,24.28,Jones et al. 2009,,,,,,,Campbell et al. 2007,2.508,Plavcan & Ruff 2008,,,,,
Papio_hamadryas,Cercopithecidae,Papio,hamadryas,146.17,133,Isler et al 2008,18000,10300,1.748,Isler et al 2008,66.1,1,8.2,8.2,van Schaik et al. 1999; Kappeler and Pereira 2003; Nunn & van Schaik 2000,608.33,171,363.96,450,1.01,Jones et al. 2009,12.72,459.4,21.6,572.4,1620.7,Jones et al. 2009,17.37,Jones et al. 2009,11,Nunn et al. 2003,2.339,88,7,,,2.743,Plavcan & Ruff 2008,29.7,24.8,26,16.2,Kamilar 2006
Semnopithecus_entellus,Cercopithecidae,Semnopithecus,entellus,110.93,104.55,Isler et al 2008,18144,11340,1.6,Isler et al 2008,30.2,1.8,11.5,6.39,van Schaik et al. 1999; Kappeler and Pereira 2003; Nunn & van Schaik 2000,507.95,192,402.1,300,1.02,Jones et al. 2009,23.49,788.2,25.4,652.8,1435.8,Jones et al. 2009,1.3,Jones et al. 2009,0.5,Nunn et al. 2003,0.3886,52,51,2,Nunn et al 2003,2.058,Plavcan & Ruff 2008,25.7,13.1,41.8,7.4,Kamilar 2006
Theropithecus_gelada,Cercopithecidae,Theropithecus,gelada,133.33,124.52,Isler et al 2008,19000,11700,1.624,Isler et al 2008,10,1.5,4.1,2.73,van Schaik et al. 1999; Kappeler and Pereira 2003; Nunn & van Schaik 2000,766.5,168,494.95,336,1.01,Jones et al. 2009,10.95,924.9,17.3,900.3,1483.3,Jones et al. 2009,1.16,Jones et al. 2009,2.5,Pontzer and Kamilar 2006,2.0571,26,94,0,Nunn et al 2003,3.229,Plavcan & Ruff 2008,47.7,17.5,15.1,18.3,Kamilar 2006
Nasalis_larvatus,Cercopithecidae,Nasalis,larvatus,92.3,83.84,Isler et al 2008,19391.8,9729.6,1.993,Isler et al 2008,12,1,3.7,3.7,van Schaik et al. 1999; Kappeler and Pereira 2003; Nunn & van Schaik 2000,547.5,166,211.75,252,1.02,Jones et al. 2009,1.42,2570.8,25,1684,1721,Jones et al. 2009,3.73,Campbell et al. 2007,0.65,Pontzer and Kamilar 2006,0.2983,36,56,0,Kappeler & Pereira 2003,2.203,Plavcan & Ruff 2008,,,,,
Papio_cynocephalus,Cercopithecidae,Papio,cynocephalus,163.19,156.13,Isler et al 2008,22300,12000,1.858,Isler et al 2008,55,7,19.4,2.77,van Schaik et al. 1999; Kappeler and Pereira 2003; Nunn & van Schaik 2000,669.16,172.99,450.42,540,1.01,Jones et al. 2009,-5.96,864.2,23,876.6,1524,Jones et al. 2009,14.95,Jones et al. 2009,5.9,Nunn et al. 2003,1.3523,62,21,5,Nunn et al 2003,3.003,Plavcan & Ruff 2008,43.3,25.4,20.2,6.46,Kamilar 2006
Papio_anubis,Cercopithecidae,Papio,anubis,167.42,152.45,Isler et al 2008,23000,13300,1.729,Isler et al 2008,57.7,7.2,17.5,2.43,van Schaik et al. 1999; Kappeler and Pereira 2003; Nunn & van Schaik 2000,752.81,178.96,596.6,302.4,1.01,Jones et al. 2009,8.04,982.4,24.3,1020.2,1584.1,Jones et al. 2009,4.83,Jones et al. 2009,4.6,Nunn et al. 2003,1.8549,42.3,25.1,6.7,,2.221,Plavcan & Ruff 2008,36.1,24.1,26.2,13.8,Kamilar 2006
Papio_ursinus,Cercopithecidae,Papio,ursinus,178,165,Isler et al 2008,29800,14800,2.014,Isler et al 2008,34.7,6.7,13.9,2.07,van Schaik et al. 1999; Kappeler and Pereira 2003; Nunn & van Schaik 2000,882.08,185.92,877.09,540,1.01,Jones et al. 2009,-24.42,419,18.5,581.8,1264.6,Jones et al. 2009,9.12,Jones et al. 2009,5.6,Nunn et al. 2003,1.6434,,12,1,Nunn et al 2003,3.839,Plavcan & Ruff 2008,45,23.5,22,9.5,Kamilar 2006
Mandrillus_sphinx,Cercopithecidae,Mandrillus,sphinx,153.88,146.63,Isler et al 2008,34400,12800,2.688,Isler et al 2008,,,,,,521.64,173,348.01,555.96,1.02,Jones et al. 2009,-0.76,1611.8,24.4,1259,1505.1,Jones et al. 2009,26.34,Jones et al. 2009,3,Pontzer and Kamilar 2006,0.518,,,,,5.263,Plavcan & Ruff 2008,,,,,
Pan_paniscus,Hominidae,Pan,paniscus,341.29,326.25,Isler et al 2008,45000,33200,1.355,Isler et al 2008,85.1,7,10.9,1.56,Kamilar 2006; van Schaik et al. 1999,1715.5,232,1081.31,576,1.01,Jones et al. 2009,-1.66,1611.2,25,1538.7,1601.6,Jones et al. 2009,27.93,Jones et al. 2009,2.4,Nunn et al. 2003,0.4025,,15,2,Nunn et al 2003,1.384,Plavcan & Ruff 2008,35.2,14.5,37.4,,Kamilar 2006
Pan_troglodytes,Hominidae,Pan,troglodytes,368.35,350.54,Isler et al 2008,49566.7,40366.7,1.228,Isler et al 2008,63.1,8.7,25.2,2.9,Kamilar 2006; van Schaik et al. 1999,1825,229,1260.81,720,1.05,Jones et al. 2009,2.2,1497.2,24.2,1297.1,1558.1,Jones et al. 2009,10.85,Jones et al. 2009,3.8,Nunn et al. 2003,1.0224,66,26,7,Nunn et al 2003,1.423,Plavcan & Ruff 2008,57.63,12.15,30.23,23.5,wendy dataset; Sussman et al. 2005
Pongo_pygmaeus,Hominidae,Pongo,pygmaeus,377.38,337.72,Isler et al 2008,80136.9,36947.6,2.169,Isler et al 2008,2,1,1,1,van Schaik et al. 1999; Kappeler and Pereira 2003; Nunn & van Schaik 2000,2007.5,249,1088.8,720,1.07,Jones et al. 2009,1.33,2587,23.8,1676.6,1691.7,Jones et al. 2009,3.88,Jones et al. 2009,0.5,Nunn et al. 2003,0.225,64,18,3,Nunn et al 2003,1.693,Plavcan & Ruff 2008,42.4,15.4,41,1.2,Kamilar 2006
Pongo_abelii,Hominidae,Pongo,abelii,389.5,341.21,Isler et al 2008,84482.5,41148,2.053,Isler et al 2008,,,,,,,,,,,,,,,,,,,,,,,,,,,1.71,Plavcan & Ruff 2008,,,,,
Gorilla_beringei,Hominidae,Gorilla,beringei,491.27,480.15,Isler et al 2008,162500,97500,1.667,Isler et al 2008,,,,,,,,,,,,,,,,,,,,,,,,,,,,,,,,,
Gorilla_gorilla,Hominidae,Gorilla,gorilla,490.41,455.89,Isler et al 2008,170400,71500,2.383,Isler et al 2008,7.1,1.8,4.4,2.44,van Schaik et al. 1999; Kappeler and Pereira 2003; Nunn & van Schaik 2000,1430.8,256,920.35,648,1.05,Jones et al. 2009,0.88,1528.8,24.2,1291.1,1502.7,Jones et al. 2009,4.03,Jones et al. 2009,0.86,Nunn et al. 2003,0.3797,11,93,0,Nunn et al 2003,1.739,Plavcan & Ruff 2008,52.6,9.55,35.5,5.8,wendy dataset; Sussman et al. 2005